"id","distance","moving_time","elapsed_time","total_elevation_gain","type","sport_type","start_date","location_city","location_state","location_country","athlete_count","trainer","commute","manual","private","gear_id","average_speed","max_speed","has_heartrate","heartrate_opt_out","display_hide_heartrate_option","elev_high","elev_low","upload_id_str","external_id","pr_count","stravaConnectionId","createdAt","updatedAt","gender","age","score","week","wasCalculated"
7133,"2605.4",923,1023,"10","Run","Run","2024-08-29 16:46:37",NULL,NULL,"United States",1,False,False,False,False,"g13263","2.823","5.557",False,False,False,"138.8","118.8","13085021712","stripped_garmin_ping_366191923150",0,"clx50in7e00018mc4q47nywua","2024-08-29 16:51:23.228","2024-08-29 16:51:23.228","male",51,"45.77",35,True
7134,"7029.6",2220,2319,"38","Run","Run","2024-08-29 16:06:21",NULL,NULL,"United States",1,False,False,False,False,"g13263","3.166","5.721",False,False,False,"129.4","91","13084838187","stripped_garmin_ping_366188348308",0,"clx50in7e00018mc4q47nywua","2024-08-29 16:51:23.229","2024-08-29 16:51:23.229","male",51,"35.28",35,True
7135,"26260.6",5683,6032,"226.1","Ride","MountainBikeRide","2024-08-28 14:39:04",NULL,NULL,"United States",1,False,False,False,False,"b120709","4.621","9.78",False,False,False,"134.8","42","13074935436","stripped_garmin_ping_365936288440",0,"clx50in7e00018mc4q47nywua","2024-08-29 16:51:23.229","2024-08-29 16:51:23.229","male",51,"26.96",35,True
7136,"8010.9",2449,2449,"41","Run","Run","2024-08-28 01:02:24",NULL,NULL,"United States",1,False,False,False,False,"g13263","3.271","4.254",False,False,False,"93","69.8","13069747202","stripped_garmin_ping_365785056040",0,"clx50in7e00018mc4q47nywua","2024-08-29 16:51:23.229","2024-08-29 16:51:23.229","male",51,"32.59",35,True
7137,"7562.4",1733,1793,"48","Ride","Ride","2024-08-27 01:47:05",NULL,NULL,"United States",1,False,False,False,False,"b120709","4.364","8.977",False,False,False,"144","102","13060452466","stripped_garmin_ping_365534057220",0,"clx50in7e00018mc4q47nywua","2024-08-29 16:51:23.229","2024-08-29 16:51:23.229","male",51,"0",35,False
7138,"2057.4",2448,2453,"0","Swim","Swim","2024-08-27 00:01:06",NULL,NULL,"United States",1,True,False,False,False,NULL,"0.84","1.571",False,False,False,"0","0","13060069614","stripped_garmin_ping_365520568831",0,"clx50in7e00018mc4q47nywua","2024-08-29 16:51:23.23","2024-08-29 16:51:23.23","male",51,"0",35,False
7139,"3134.4",837,1005,"47","Ride","Ride","2024-08-26 23:39:03",NULL,NULL,"United States",1,False,False,False,False,"b120709","3.745","8.24",False,False,False,"138","95.2","13059825853","stripped_garmin_ping_365512850077",0,"clx50in7e00018mc4q47nywua","2024-08-29 16:51:23.23","2024-08-29 16:51:23.23","male",51,"0",35,False
7140,"7011.3",2325,2325,"54","Run","Run","2024-08-26 15:05:16",NULL,NULL,"United States",1,False,False,False,False,"g13263","3.016","4.396",False,False,False,"102.2","74.2","13056351849","stripped_garmin_ping_365421396485",0,"clx50in7e00018mc4q47nywua","2024-08-29 16:51:23.23","2024-08-29 16:51:23.23","male",51,"39.44",35,True
7141,"8281.5",3133,3133,"93","Run","TrailRun","2024-08-25 17:26:42",NULL,NULL,"United States",1,False,False,False,False,"g13263","2.643","3.813",False,False,False,"84.4","36.6","13049788748","stripped_garmin_ping_365199733112",0,"clx50in7e00018mc4q47nywua","2024-08-29 16:51:23.23","2024-08-29 16:51:23.23","male",51,"0",34,False
7142,"44033.3",8984,9742,"397.1","Ride","MountainBikeRide","2024-08-24 15:35:03",NULL,NULL,"United States",1,False,False,False,False,"b120709","4.901","12.32",False,False,False,"134","11.1","13040561871","stripped_garmin_ping_364952354407",0,"clx50in7e00018mc4q47nywua","2024-08-29 16:51:23.23","2024-08-29 16:51:23.23","male",51,"14.9",34,True
7143,"1851.7",2769,2806,"0","Swim","Swim","2024-08-23 23:57:53",NULL,NULL,"United States",1,True,False,False,False,NULL,"0.669","1.122",False,False,False,"0","0","13033635311","stripped_garmin_ping_364770254444",0,"clx50in7e00018mc4q47nywua","2024-08-29 16:51:23.231","2024-08-29 16:51:23.231","male",51,"0",34,False
7144,"8078.6",2613,2664,"44","Run","Run","2024-08-23 15:59:42",NULL,NULL,"United States",1,False,False,False,False,"g13263","3.092","5.958",False,False,False,"128","85.8","13030921259","stripped_garmin_ping_364688418041",1,"clx50in7e00018mc4q47nywua","2024-08-29 16:51:23.231","2024-08-29 16:51:23.231","male",51,"36.98",34,True
7145,"24683",5496,5785,"159","Ride","MountainBikeRide","2024-08-22 15:49:49",NULL,NULL,"United States",1,False,False,False,False,"b120709","4.491","10.4",False,False,False,"101.4","24.8","13022818291","stripped_garmin_ping_364452379958",0,"clx50in7e00018mc4q47nywua","2024-08-29 16:51:23.231","2024-08-29 16:51:23.231","male",51,"30.29",34,True
7146,"49552.1",6683,6892,"460","Ride","Ride","2024-08-21 15:00:49",NULL,NULL,"United States",1,False,False,False,False,"b120709","7.415","18.394",False,False,False,"116.6","-12.6","13013600210","stripped_garmin_ping_364199591405",0,"clx50in7e00018mc4q47nywua","2024-08-29 16:51:23.231","2024-08-29 16:51:23.231","male",51,"0",34,False
7147,"12010.1",4275,4320,"105","Run","Run","2024-08-21 01:48:45",NULL,NULL,"United States",1,False,False,False,False,"g13263","2.809","4.24",False,False,False,"92.2","46.2","13008234494","stripped_garmin_ping_364053327199",0,"clx50in7e00018mc4q47nywua","2024-08-29 16:51:23.231","2024-08-29 16:51:23.231","male",51,"44.95",34,True
7148,"7573.5",1690,1767,"51","Ride","Ride","2024-08-20 01:16:44",NULL,NULL,"United States",1,False,False,False,False,"b120709","4.481","8.902",False,False,False,"144.8","102.8","12997963815","stripped_garmin_ping_363791727314",0,"clx50in7e00018mc4q47nywua","2024-08-29 16:51:23.232","2024-08-29 16:51:23.232","male",51,"0",34,False
7149,"1874.5",2403,2413,"0","Swim","Swim","2024-08-20 00:11:08",NULL,NULL,"United States",1,True,False,False,False,NULL,"0.78","1.182",False,False,False,"0","0","12997739433","stripped_garmin_ping_363784667219",0,"clx50in7e00018mc4q47nywua","2024-08-29 16:51:23.232","2024-08-29 16:51:23.232","male",51,"0",34,False
7150,"4415",1264,1264,"66","Ride","Ride","2024-08-19 23:41:55",NULL,NULL,"United States",1,False,False,False,False,"b120709","3.493","7.868",False,False,False,"119","76","12997438893","stripped_garmin_ping_363776027458",0,"clx50in7e00018mc4q47nywua","2024-08-29 16:51:23.232","2024-08-29 16:51:23.232","male",51,"0",34,False
7151,"70794.5",10104,11504,"332","Ride","Ride","2024-08-19 14:30:33",NULL,NULL,"United States",1,False,False,False,False,"b120709","7.007","12.872",False,False,False,"99.6","-21.8","12994756914","stripped_garmin_ping_363707171886",0,"clx50in7e00018mc4q47nywua","2024-08-29 16:51:23.232","2024-08-29 16:51:23.232","male",51,"0",34,False
7152,"5048.4",2234,2647,"21","Hike","Hike","2024-08-18 22:52:04",NULL,NULL,"United States",1,False,False,False,False,"g13263","2.26","16.052",False,False,False,"28.4","11.2","12988335239","stripped_garmin_ping_363517984638",0,"clx50in7e00018mc4q47nywua","2024-08-29 16:51:23.232","2024-08-29 16:51:23.232","male",51,"0",33,False
7153,"9007.4",3040,3181,"74","Run","Run","2024-08-18 19:02:16",NULL,NULL,"United States",1,False,False,False,False,"g13263","2.963","4.187",False,False,False,"93.6","73.8","12987281408","stripped_garmin_ping_363481229135",0,"clx50in7e00018mc4q47nywua","2024-08-29 16:51:23.233","2024-08-29 16:51:23.233","male",51,"40.48",33,True
7154,"1943.1",2482,2488,"0","Swim","Swim","2024-08-17 00:00:56",NULL,NULL,"United States",1,True,False,False,False,NULL,"0.783","1.143",False,False,False,"0","0","12986925936","stripped_garmin_ping_363471293857",0,"clx50in7e00018mc4q47nywua","2024-08-29 16:51:23.233","2024-08-29 16:51:23.233","male",51,"0",33,False
7155,"9010.2",3130,3233,"62","Run","Run","2024-08-16 14:38:04",NULL,NULL,"United States",1,False,False,False,False,"g13263","2.879","4.603",False,False,False,"80","56.2","12965882764","stripped_garmin_ping_362945215777",0,"clx50in7e00018mc4q47nywua","2024-08-29 16:51:23.233","2024-08-29 16:51:23.233","male",51,"43.06",33,True
7156,"41473",6199,6360,"316","Ride","Ride","2024-08-15 14:20:21",NULL,NULL,"United States",1,False,False,False,False,"b120709","6.69","12.473",False,False,False,"140.2","16.6","12956250843","stripped_garmin_ping_362707465642",0,"clx50in7e00018mc4q47nywua","2024-08-29 16:51:23.233","2024-08-29 16:51:23.233","male",51,"0",33,False
7157,"3011.9",982,982,"15","Run","Run","2024-08-14 16:19:12",NULL,NULL,"United States",1,False,False,False,False,"g13263","3.067","4.78",False,False,False,"125","101.6","12948969345","stripped_garmin_ping_362519501549",0,"clx50in7e00018mc4q47nywua","2024-08-29 16:51:23.233","2024-08-29 16:51:23.233","male",51,"38.35",33,True
7158,"5076.6",1560,1590,"28","Run","Run","2024-08-14 15:51:27",NULL,NULL,"United States",1,False,False,False,False,"g13263","3.254","6.103",False,False,False,"144.6","111.4","12948968818","stripped_garmin_ping_362519487726",0,"clx50in7e00018mc4q47nywua","2024-08-29 16:51:23.234","2024-08-29 16:51:23.234","male",51,"33.15",33,True
7159,"8007.7",2936,2964,"81","Run","Run","2024-08-13 18:32:54",NULL,NULL,"United States",1,False,False,False,False,"g13263","2.727","6.56",False,False,False,"84.4","36","12939104232","stripped_garmin_ping_362245177755",0,"clx50in7e00018mc4q47nywua","2024-08-29 16:51:23.234","2024-08-29 16:51:23.234","male",51,"48.37",33,True
7160,"71021.2",11388,13996,"580","Ride","Ride","2024-08-12 15:20:44",NULL,NULL,"United States",1,False,False,False,False,"b120709","6.236","14.884",False,False,False,"132","-0.6","12929596467","stripped_garmin_ping_361990282527",0,"clx50in7e00018mc4q47nywua","2024-08-29 16:51:23.234","2024-08-29 16:51:23.234","male",51,"0",33,False
7161,"1851.7",3085,3111,"0","Swim","Swim","2024-08-11 18:29:09",NULL,NULL,"United States",1,True,False,False,False,NULL,"0.6","4.747",False,False,False,"0","0","12921568964","stripped_garmin_ping_361741505751",0,"clx50in7e00018mc4q47nywua","2024-08-29 16:51:23.234","2024-08-29 16:51:23.234","male",51,"0",32,False
7162,"30281",6440,6820,"360","Ride","Ride","2024-08-11 14:53:19",NULL,NULL,"United States",1,False,False,False,False,"b120709","4.702","12.192",False,False,False,"135.8","17.6","12920325035","stripped_garmin_ping_361711847259",1,"clx50in7e00018mc4q47nywua","2024-08-29 16:51:23.234","2024-08-29 16:51:23.234","male",51,"0",32,False
7163,"9009.7",3168,3343,"141","Run","Run","2024-08-10 16:00:31",NULL,NULL,"United States",1,False,False,False,False,"g13263","2.844","3.845",False,False,False,"193","88","12911166034","stripped_garmin_ping_361468241668",0,"clx50in7e00018mc4q47nywua","2024-08-29 16:51:23.234","2024-08-29 16:51:23.234","male",51,"44.35",32,True
7164,"68499.8",9988,10216,"531","Ride","Ride","2024-08-10 00:02:38",NULL,NULL,"United States",1,False,False,False,False,"b120709","6.858","14.986",False,False,False,"127.2","-6.6","12905309881","stripped_garmin_ping_361319161185",1,"clx50in7e00018mc4q47nywua","2024-08-29 16:51:23.235","2024-08-29 16:51:23.235","male",51,"0",32,False
7165,"1327.5",566,575,"25","Run","Run","2024-08-08 18:03:13",NULL,NULL,"United States",1,False,False,False,False,"g13263","2.345","5.205",False,False,False,"80","55.4","12894609067","stripped_garmin_ping_360996370793",0,"clx50in7e00018mc4q47nywua","2024-08-29 16:51:23.235","2024-08-29 16:51:23.235","male",51,"64.96",32,True
7166,"6020.3",1844,1863,"43","Run","Run","2024-08-08 17:31:37",NULL,NULL,"United States",1,False,False,False,False,"g13263","3.265","5.762",False,False,False,"94.4","41.6","12894574434","stripped_garmin_ping_360995673171",0,"clx50in7e00018mc4q47nywua","2024-08-29 16:51:23.235","2024-08-29 16:51:23.235","male",51,"32.79",32,True
7167,"54737.8",8045,8077,"323","Ride","Ride","2024-08-07 16:18:30",NULL,NULL,"United States",1,False,False,False,False,"b120709","6.804","16.312",False,False,False,"131.2","6.2","12885798274","stripped_garmin_ping_360752386603",11,"clx50in7e00018mc4q47nywua","2024-08-29 16:51:23.235","2024-08-29 16:51:23.235","male",51,"0",32,False
7168,"667.9",469,484,"18","Run","TrailRun","2024-08-06 19:34:35",NULL,NULL,"United States",1,False,False,False,False,"g13263","1.424","1.915",False,False,False,"83","67.8","12877076830","stripped_garmin_ping_360516698914",0,"clx50in7e00018mc4q47nywua","2024-08-29 16:51:23.236","2024-08-29 16:51:23.236","male",51,"0",32,False
7169,"9095",3253,3433,"54","Run","Run","2024-08-06 18:36:36",NULL,NULL,"United States",1,False,False,False,False,"g13263","2.796","3.932",False,False,False,"81.4","34.4","12877007287","stripped_garmin_ping_360515100154",0,"clx50in7e00018mc4q47nywua","2024-08-29 16:51:23.236","2024-08-29 16:51:23.236","male",51,"45.63",32,True
7170,"7071.6",1516,1612,"46","Ride","Ride","2024-08-06 01:16:01",NULL,NULL,"United States",1,False,False,False,False,"b120709","4.665","9.447",False,False,False,"143.2","104.4","12869492496","stripped_garmin_ping_360325362178",1,"clx50in7e00018mc4q47nywua","2024-08-29 16:51:23.237","2024-08-29 16:51:23.237","male",51,"0",32,False
7171,"1897.4",2572,2593,"0","Swim","Swim","2024-08-05 23:59:47",NULL,NULL,"United States",1,True,False,False,False,NULL,"0.738","1.429",False,False,False,"0","0","12869230014","stripped_garmin_ping_360316483970",0,"clx50in7e00018mc4q47nywua","2024-08-29 16:51:23.237","2024-08-29 16:51:23.237","male",51,"0",32,False
7172,"4448",1252,1346,"65","Ride","Ride","2024-08-05 23:30:55",NULL,NULL,"United States",1,False,False,False,False,"b120709","3.553","8.196",False,False,False,"119","75.8","12868974018","stripped_garmin_ping_360308596569",0,"clx50in7e00018mc4q47nywua","2024-08-29 16:51:23.237","2024-08-29 16:51:23.237","male",51,"0",32,False
7173,"21024.4",5937,7809,"177","Ride","Ride","2024-08-05 13:58:30",NULL,NULL,"United States",1,False,False,False,False,"b120709","3.541","9.762",False,False,False,"71","5","12865530568","stripped_garmin_ping_360222196173",0,"clx50in7e00018mc4q47nywua","2024-08-29 16:51:23.238","2024-08-29 16:51:23.238","male",51,"0",32,False
7174,"18467.6",4114,4180,"178","Ride","Ride","2024-08-05 01:24:11",NULL,NULL,"United States",1,False,False,False,False,"b120709","4.489","9.837",False,False,False,"73","5.2","12860903196","stripped_garmin_ping_360079307981",1,"clx50in7e00018mc4q47nywua","2024-08-29 16:51:23.238","2024-08-29 16:51:23.238","male",51,"0",32,False
7175,"8396.2",2700,2724,"76","Run","Run","2024-08-04 16:13:39",NULL,NULL,"United States",1,False,False,False,False,"g13263","3.11","6.031",False,False,False,"113.6","73.4","12858144634","stripped_garmin_ping_359985707965",0,"clx50in7e00018mc4q47nywua","2024-08-29 16:51:23.238","2024-08-29 16:51:23.238","male",51,"36.43",31,True
7176,"50913.1",6889,7043,"445","Ride","Ride","2024-08-03 13:48:02",NULL,NULL,"United States",1,False,False,False,False,"b120709","7.39","17.386",False,False,False,"147.2","14.2","12848384390","stripped_garmin_ping_359727688201",0,"clx50in7e00018mc4q47nywua","2024-08-29 16:51:23.238","2024-08-29 16:51:23.238","male",51,"0",31,False
7177,"6475.5",2642,2868,"62","Run","Run","2024-08-02 14:26:24",NULL,NULL,"United States",1,False,False,False,False,"g13263","2.451","3.187",False,False,False,"85.2","34.4","12839654387","stripped_garmin_ping_359486246540",0,"clx50in7e00018mc4q47nywua","2024-08-29 16:51:23.238","2024-08-29 16:51:23.238","male",51,"59.26",31,True
7178,"10011.5",3408,3408,"41","Run","Run","2024-07-31 02:08:31",NULL,NULL,"United States",1,False,False,False,False,"g13263","2.938","4.02",False,False,False,"110","85.2","12817926946","stripped_garmin_ping_358871043023",0,"clx50in7e00018mc4q47nywua","2024-08-29 16:51:23.238","2024-08-29 16:51:23.238","male",51,"41.13",31,True
7179,"1828.8",2182,2217,"0","Swim","Swim","2024-07-30 00:03:52",NULL,NULL,"United States",1,True,False,False,False,NULL,"0.838","1.236",False,False,False,"0","0","12808235077","stripped_garmin_ping_358607635735",0,"clx50in7e00018mc4q47nywua","2024-08-29 16:51:23.239","2024-08-29 16:51:23.239","male",51,"0",31,False
7180,"12191.1",3977,5820,"163","Ride","Ride","2024-07-29 14:00:00",NULL,NULL,"United States",1,False,False,False,False,"b120709","3.065","10.668",False,False,False,"89.4","18","12804506206","stripped_garmin_ping_358509583540",0,"clx50in7e00018mc4q47nywua","2024-08-29 16:51:23.239","2024-08-29 16:51:23.239","male",51,"0",31,False
7181,"51428",6462,6659,"179","Ride","Ride","2024-07-28 14:38:05",NULL,NULL,"United States",1,False,False,False,False,"b120709","7.959","11.05",False,False,False,"286","75.2","12797234165","stripped_garmin_ping_358273625788",11,"clx50in7e00018mc4q47nywua","2024-08-29 16:51:23.239","2024-08-29 16:51:23.239","male",51,"0",30,False
7182,"1058.9",357,382,"5","Run","Run","2024-07-27 19:04:23",NULL,NULL,"United States",1,False,False,False,False,"g13263","2.966","3.747",False,False,False,"99.4","84.8","12789516877","stripped_garmin_ping_358063603130",0,"clx50in7e00018mc4q47nywua","2024-08-29 16:51:23.239","2024-08-29 16:51:23.239","male",51,"41.49",30,True
7183,"10025.3",3118,3407,"71","Run","Run","2024-07-27 18:06:49",NULL,NULL,"United States",1,False,False,False,False,"g13263","3.215","4.618",False,False,False,"113.6","79.6","12789476021","stripped_garmin_ping_358062452547",1,"clx50in7e00018mc4q47nywua","2024-08-29 16:51:23.239","2024-08-29 16:51:23.239","male",51,"33.67",30,True
7184,"1013.1",459,528,"0","Run","Run","2024-07-27 14:24:23",NULL,NULL,"United States",1,False,False,False,False,"g13263","2.207","4.476",False,False,False,"124.6","123.1","12787266760","stripped_89EFC270-EBD9-4FCB-B775-38CD4C63B3A4-activity.fit",0,"clx50in7e00018mc4q47nywua","2024-08-29 16:51:23.239","2024-08-29 16:51:23.239","male",51,"72.42",30,True
7185,"71766.5",10278,10389,"599","Ride","Ride","2024-07-27 00:15:27",NULL,NULL,"United States",1,False,False,False,False,"b120709","6.983","16.368",False,False,False,"178.6","16.8","12788621271","stripped_garmin_ping_358041128745",8,"clx50in7e00018mc4q47nywua","2024-08-29 16:51:23.24","2024-08-29 16:51:23.24","male",51,"0",30,False
7186,"1083.9",802,1502,"4.2","Walk","Walk","2024-07-26 03:00:42",NULL,NULL,"United States",1,False,False,False,False,"g13263","1.351","2.924",False,False,False,"110.1","103.4","12775031092","stripped_DB58919D-1884-43C7-A249-BE7DDD1DFB39-activity.fit",0,"clx50in7e00018mc4q47nywua","2024-08-29 16:51:23.24","2024-08-29 16:51:23.24","male",51,"0",30,False
7187,"8505.7",3437,3480,"36","Run","Run","2024-07-26 02:01:48",NULL,NULL,"United States",1,False,False,False,False,"g13263","2.475","4.473",False,False,False,"89.8","66.4","12774964008","stripped_garmin_ping_357658203742",0,"clx50in7e00018mc4q47nywua","2024-08-29 16:51:23.24","2024-08-29 16:51:23.24","male",51,"57.85",30,True
7188,"7452.6",2703,2771,"52","Run","Run","2024-07-24 13:59:01",NULL,NULL,"United States",1,False,False,False,False,"g13263","2.757","4.433",False,False,False,"93.2","73.6","12761575505","stripped_garmin_ping_357294254950",0,"clx50in7e00018mc4q47nywua","2024-08-29 16:51:23.24","2024-08-29 16:51:23.24","male",51,"47.42",30,True
7189,"3810.3",778,778,"25","Ride","Ride","2024-07-24 03:05:01",NULL,NULL,"United States",1,False,False,False,False,"b120709","4.898","9.868",False,False,False,"113","88.4","12757485544","stripped_garmin_ping_357175790804",1,"clx50in7e00018mc4q47nywua","2024-08-29 16:51:23.24","2024-08-29 16:51:23.24","male",51,"0",30,False
7190,"1874.5",2299,2308,"0","Swim","Swim","2024-07-24 02:18:32",NULL,NULL,"United States",1,True,False,False,False,NULL,"0.815","1.71",False,False,False,"0","0","12757414361","stripped_garmin_ping_357173202341",0,"clx50in7e00018mc4q47nywua","2024-08-29 16:51:23.24","2024-08-29 16:51:23.24","male",51,"0",30,False
7191,"3687.8",898,991,"48","Ride","Ride","2024-07-24 01:47:30",NULL,NULL,"United States",1,False,False,False,False,"b120709","4.107","7.782",False,False,False,"78","54","12757242854","stripped_garmin_ping_357167566458",0,"clx50in7e00018mc4q47nywua","2024-08-29 16:51:23.24","2024-08-29 16:51:23.24","male",51,"0",30,False
7192,"47163.7",7592,8371,"198","Ride","Ride","2024-07-22 15:47:37",NULL,NULL,"United States",1,False,False,False,False,"b120709","6.212","11.892",False,False,False,"141.4","20.6","12745161890","stripped_garmin_ping_356838385787",0,"clx50in7e00018mc4q47nywua","2024-08-29 16:51:23.241","2024-08-29 16:51:23.241","male",51,"0",30,False
7193,"16753.6",5297,6619,"24","Run","Run","2024-07-21 17:44:01",NULL,NULL,"United States",1,False,False,False,False,"g13263","3.163","5.409",False,False,False,"63.6","-23.4","12738012918","stripped_garmin_ping_356609895417",1,"clx50in7e00018mc4q47nywua","2024-08-29 16:51:23.241","2024-08-29 16:51:23.241","male",51,"34.21",29,True
7194,"54750.2",7619,7801,"496","Ride","Ride","2024-07-21 00:13:35",NULL,NULL,"United States",1,False,False,False,False,"b120709","7.186","15.898",False,False,False,"318","34.6","12730779977","stripped_garmin_ping_356431911386",2,"clx50in7e00018mc4q47nywua","2024-08-29 16:51:23.241","2024-08-29 16:51:23.241","male",51,"0",29,False
7195,"12000.7",4116,4116,"109","Run","Run","2024-07-19 02:03:12",NULL,NULL,"United States",1,False,False,False,False,"g13263","2.916","4.025",False,False,False,"93.2","45.8","12714481013","stripped_garmin_ping_355968800224",0,"clx50in7e00018mc4q47nywua","2024-08-29 16:51:23.241","2024-08-29 16:51:23.241","male",51,"41.63",29,True
7196,"3830.6",816,928,"35","Ride","Ride","2024-07-18 19:45:36",NULL,NULL,"United States",1,False,False,False,False,"b120709","4.694","8.452",False,False,False,"116.6","91.8","12712280381","stripped_garmin_ping_355899676976",0,"clx50in7e00018mc4q47nywua","2024-08-29 16:51:23.241","2024-08-29 16:51:23.241","male",51,"0",29,False
7197,"1851.7",2166,2185,"0","Swim","Swim","2024-07-18 18:51:42",NULL,NULL,"United States",1,True,False,False,False,NULL,"0.855","1.577",False,False,False,"0","0","12712031469","stripped_garmin_ping_355893759491",0,"clx50in7e00018mc4q47nywua","2024-08-29 16:51:23.241","2024-08-29 16:51:23.241","male",51,"0",29,False
7198,"3868.9",881,929,"49","Ride","Ride","2024-07-18 18:29:36",NULL,NULL,"United States",1,False,False,False,False,"b120709","4.392","8.404",False,False,False,"102.8","79.4","12711655552","stripped_garmin_ping_355885854836",0,"clx50in7e00018mc4q47nywua","2024-08-29 16:51:23.241","2024-08-29 16:51:23.241","male",51,"0",29,False
7199,"12413.9",4368,4441,"41","Run","Run","2024-07-17 01:55:04",NULL,NULL,"United States",1,False,False,False,False,"g13263","2.842","4.106",False,False,False,"90.6","67.2","12696650662","stripped_garmin_ping_355480797148",2,"clx50in7e00018mc4q47nywua","2024-08-29 16:51:23.242","2024-08-29 16:51:23.242","male",51,"43.88",29,True
7200,"7278.1",1609,1696,"51","Ride","Ride","2024-07-16 01:48:39",NULL,NULL,"United States",1,False,False,False,False,"b120709","4.523","8.572",False,False,False,"144.4","102.4","12687577476","stripped_garmin_ping_355229976405",1,"clx50in7e00018mc4q47nywua","2024-08-29 16:51:23.242","2024-08-29 16:51:23.242","male",51,"0",29,False
7201,"1828.8",2369,2455,"0","Swim","Swim","2024-07-16 00:07:36",NULL,NULL,"United States",1,True,False,False,False,NULL,"0.772","2.866",False,False,False,"0","0","12687577069","stripped_garmin_ping_355229963872",0,"clx50in7e00018mc4q47nywua","2024-08-29 16:51:23.242","2024-08-29 16:51:23.242","male",51,"0",29,False
7202,"4505.2",1240,1459,"79","Ride","Ride","2024-07-15 23:32:53",NULL,NULL,"United States",1,False,False,False,False,"b120709","3.633","7.373",False,False,False,"133","77.8","12686969495","stripped_garmin_ping_355208761201",0,"clx50in7e00018mc4q47nywua","2024-08-29 16:51:23.242","2024-08-29 16:51:23.242","male",51,"0",29,False
7203,"64165",12841,194946,"607","Ride","Ride","2024-07-15 14:00:29",NULL,NULL,"United States",1,False,False,False,False,"b120709","4.997","16.21",False,False,False,"187.6","28","12703643745","stripped_garmin_ping_355660529635",7,"clx50in7e00018mc4q47nywua","2024-08-29 16:51:23.242","2024-08-29 16:51:23.242","male",51,"0",29,False
7204,"142.3",260,260,"0","Swim","Swim","2024-07-14 18:31:47",NULL,NULL,"United States",1,False,False,False,False,NULL,"0.547","0.737",False,False,False,"3.6","3.5","12677833451","stripped_garmin_ping_354913530320",0,"clx50in7e00018mc4q47nywua","2024-08-29 16:51:23.242","2024-08-29 16:51:23.242","male",51,"0",28,False
7205,"11128.5",3562,4109,"21","Run","Run","2024-07-14 16:59:27",NULL,NULL,"United States",1,False,False,False,False,"g13263","3.124","4.354",False,False,False,"22.8","1.8","12677621327","stripped_garmin_ping_354908186430",2,"clx50in7e00018mc4q47nywua","2024-08-29 16:51:23.242","2024-08-29 16:51:23.242","male",51,"35.86",28,True
7206,"3117.1",3390,4309,"12","Hike","Hike","2024-07-14 01:10:07",NULL,NULL,"United States",1,False,False,False,False,"g13263","0.919","3.968",False,False,False,"21.6","1.8","12670852118","stripped_garmin_ping_354743903530",0,"clx50in7e00018mc4q47nywua","2024-08-29 16:51:23.243","2024-08-29 16:51:23.243","male",51,"0",28,False
7207,"10401.7",3741,3821,"104","Run","Run","2024-07-13 16:55:13",NULL,NULL,"United States",1,False,False,False,False,"g13263","2.78","3.925",False,False,False,"129.2","36","12668574287","stripped_garmin_ping_354666507784",1,"clx50in7e00018mc4q47nywua","2024-08-29 16:51:23.243","2024-08-29 16:51:23.243","male",51,"46.21",28,True
7208,"1577.3",2117,2176,"0","Swim","Swim","2024-07-13 00:14:19",NULL,NULL,"United States",1,True,False,False,False,NULL,"0.745","1.063",False,False,False,"0","0","12662031532","stripped_garmin_ping_354494133229",0,"clx50in7e00018mc4q47nywua","2024-08-29 16:51:23.243","2024-08-29 16:51:23.243","male",51,"0",28,False
7209,"40648.6",6930,8416,"313","Ride","Ride","2024-07-12 16:57:20",NULL,NULL,"United States",1,False,False,False,False,"b120709","5.866","15.11",False,False,False,"126.2","-2.4","12660527479","stripped_garmin_ping_354441706853",0,"clx50in7e00018mc4q47nywua","2024-08-29 16:51:23.243","2024-08-29 16:51:23.243","male",51,"0",28,False
7210,"50592.9",7371,7672,"421","Ride","Ride","2024-07-11 17:51:01",NULL,NULL,"United States",1,False,False,False,False,"b120709","6.864","14.102",False,False,False,"145","14","12653215862","stripped_garmin_ping_354215523100",0,"clx50in7e00018mc4q47nywua","2024-08-29 16:51:23.243","2024-08-29 16:51:23.243","male",51,"0",28,False
7211,"5835.1",1828,1852,"46.4","Run","Run","2024-07-11 00:29:08",NULL,NULL,"United States",1,False,False,False,False,"g13263","3.192","4.552",False,False,False,"125","102.5","12646406069","stripped_631F175B-A405-43C3-A201-44AA2DC82BF6-activity.fit",0,"clx50in7e00018mc4q47nywua","2024-08-29 16:51:23.243","2024-08-29 16:51:23.243","male",51,"34.63",28,True
7212,"617.2",1271,1278,"0","Swim","Swim","2024-07-09 00:58:11",NULL,NULL,"United States",1,True,False,False,False,NULL,"0.486","1.385",False,False,False,"0","0","12629494129","stripped_garmin_ping_353550061645",0,"clx50in7e00018mc4q47nywua","2024-08-29 16:51:23.243","2024-08-29 16:51:23.243","male",51,"0",28,False
7213,"8005.1",3352,3561,"63","Run","Run","2024-07-08 19:00:43",NULL,NULL,"United States",1,False,False,False,False,"g13263","2.388","5.579",False,False,False,"229.8","203.2","12627882604","stripped_garmin_ping_353497832612",0,"clx50in7e00018mc4q47nywua","2024-08-29 16:51:23.244","2024-08-29 16:51:23.244","male",51,"61.56",28,True
7214,"52004.9",8664,9947,"259","Ride","Ride","2024-07-07 18:01:38",NULL,NULL,"United States",1,False,False,False,False,"b120709","6.002","12.9",False,False,False,"103.4","3.6","12620248735","stripped_garmin_ping_353260946120",0,"clx50in7e00018mc4q47nywua","2024-08-29 16:51:23.244","2024-08-29 16:51:23.244","male",51,"0",27,False
7215,"5004.2",4145,4294,"95","Hike","Hike","2024-07-06 14:08:28",NULL,NULL,"United States",1,False,False,False,False,"g13263","1.207","13.064",False,False,False,"367","283.8","12609451171","stripped_garmin_ping_352968152549",0,"clx50in7e00018mc4q47nywua","2024-08-29 16:51:23.244","2024-08-29 16:51:23.244","male",51,"0",27,False
7216,"12668",4425,4655,"21","Run","Run","2024-07-06 10:33:36",NULL,NULL,"United States",1,False,False,False,False,"g13263","2.863","13.461",False,False,False,"307.6","287","12607730438","stripped_garmin_ping_352930492382",0,"clx50in7e00018mc4q47nywua","2024-08-29 16:51:23.244","2024-08-29 16:51:23.244","male",51,"43.07",27,True
7217,"13041.7",9005,9726,"125","Hike","Hike","2024-07-05 20:11:33",NULL,NULL,"United States",1,False,False,False,False,"g13263","1.448","13.552",False,False,False,"289.4","204.8","12603904344","stripped_garmin_ping_352809359118",0,"clx50in7e00018mc4q47nywua","2024-08-29 16:51:23.244","2024-08-29 16:51:23.244","male",51,"0",27,False
7218,"4316.2",2175,2222,"15","Hike","Hike","2024-07-05 18:36:01",NULL,NULL,"United States",1,False,False,False,False,"g13263","1.984","13.375",False,False,False,"221.2","209.6","12602928778","stripped_garmin_ping_352774533499",0,"clx50in7e00018mc4q47nywua","2024-08-29 16:51:23.244","2024-08-29 16:51:23.244","male",51,"0",27,False
7219,"7445.3",3092,3092,"0","Run","Run","2024-07-05 16:55:16",NULL,NULL,"United States",1,True,False,False,False,"g13263","2.408","3.719",False,False,False,"219.2","219.2","12602724530","stripped_garmin_ping_352768504465",0,"clx50in7e00018mc4q47nywua","2024-08-29 16:51:23.244","2024-08-29 16:51:23.244","male",51,"60.89",27,True
7220,"12409",7160,7664,"40","Hike","Hike","2024-07-04 19:00:14",NULL,NULL,"United States",1,False,False,False,False,"g13263","1.733","20.787",False,False,False,"189.4","174.6","12596418351","stripped_garmin_ping_352570203583",0,"clx50in7e00018mc4q47nywua","2024-08-29 16:51:23.245","2024-08-29 16:51:23.245","male",51,"0",27,False
7221,"10023.4",6265,6441,"40","Hike","Hike","2024-07-04 16:23:12",NULL,NULL,"United States",1,False,False,False,False,"g13263","1.6","11.971",False,False,False,"192.2","170","12594971622","stripped_garmin_ping_352535911821",0,"clx50in7e00018mc4q47nywua","2024-08-29 16:51:23.245","2024-08-29 16:51:23.245","male",51,"0",27,False
7222,"11323.3",3649,4462,"23","Run","Run","2024-07-04 12:52:46",NULL,NULL,"United States",1,False,False,False,False,"g13263","3.103","12.204",False,False,False,"181.4","168","12592733631","stripped_garmin_ping_352489429955",0,"clx50in7e00018mc4q47nywua","2024-08-29 16:51:23.245","2024-08-29 16:51:23.245","male",51,"36.35",27,True
7223,"14266.3",10366,13582,"49","Hike","Hike","2024-07-03 18:58:26",NULL,NULL,"United States",1,False,False,False,False,"g13263","1.376","13.486",False,False,False,"193","170.6","12588194638","stripped_garmin_ping_352345550876",0,"clx50in7e00018mc4q47nywua","2024-08-29 16:51:23.245","2024-08-29 16:51:23.245","male",51,"0",27,False
7224,"5612.5",2326,2435,"17","Run","Run","2024-07-02 22:09:00",NULL,NULL,"United States",1,False,False,False,False,"g13263","2.413","3.588",False,False,False,"196.8","182.4","12579798195","stripped_garmin_ping_352109365577",0,"clx50in7e00018mc4q47nywua","2024-08-29 16:51:23.245","2024-08-29 16:51:23.245","male",51,"61.24",27,True
7225,"3260",3298,4575,"20","Hike","Hike","2024-07-01 17:21:09",NULL,NULL,"United States",1,False,False,False,False,"g13263","0.988","4.073",False,False,False,"191.4","179.8","12569706038","stripped_garmin_ping_351821168740",0,"clx50in7e00018mc4q47nywua","2024-08-29 16:51:23.246","2024-08-29 16:51:23.246","male",51,"0",27,False
7226,"7013.1",2208,2208,"70","Run","Run","2024-07-01 13:08:31",NULL,NULL,"United States",1,False,False,False,False,"g13263","3.176","4.756",False,False,False,"306.2","242.4","12567415601","stripped_garmin_ping_351764412654",0,"clx50in7e00018mc4q47nywua","2024-08-29 16:51:23.246","2024-08-29 16:51:23.246","male",51,"35.03",27,True
7227,"6006.3",2503,2564,"33","Run","Run","2024-06-30 23:25:38",NULL,NULL,"United States",1,False,False,False,False,"g13263","2.4","3.799",False,False,False,"269.8","245.6","12564129966","stripped_garmin_ping_351637774031",0,"clx50in7e00018mc4q47nywua","2024-08-29 16:51:23.246","2024-08-29 16:51:23.246","male",51,"61.42",26,True
7228,"1070.5",839,2686,"12","Hike","Hike","2024-06-29 17:32:27",NULL,NULL,"United States",1,False,False,False,False,"g13263","1.276","1.743",False,False,False,"268.6","247.8","12564129551","stripped_garmin_ping_351637751592",0,"clx50in7e00018mc4q47nywua","2024-08-29 16:51:23.246","2024-08-29 16:51:23.246","male",51,"0",26,False
7229,"1395.2",1588,2849,"0","Walk","Walk","2024-06-28 20:08:45",NULL,NULL,"United States",1,False,False,False,False,"g13263","0.879","2.229",False,False,False,"220.9","219.9","12546895068","stripped_F66F1C3E-E049-4E19-936E-2B47A60341A1-activity.fit",0,"clx50in7e00018mc4q47nywua","2024-08-29 16:51:23.246","2024-08-29 16:51:23.246","male",51,"0",26,False
7230,"10011.8",3514,3562,"32","Run","Run","2024-06-28 11:50:20",NULL,NULL,"United States",1,False,False,False,False,"g13263","2.849","6.365",False,False,False,"151.2","133.4","12543854342","stripped_garmin_ping_351044151043",0,"clx50in7e00018mc4q47nywua","2024-08-29 16:51:23.246","2024-08-29 16:51:23.246","male",51,"43.95",26,True
7231,"461.9",39,70,"301","Hike","Hike","2024-06-27 20:57:17",NULL,NULL,"United States",1,False,False,False,False,"g13263","11.843","20.462",False,False,False,"404","77.6","12539668356","stripped_garmin_ping_350900895932",0,"clx50in7e00018mc4q47nywua","2024-08-29 16:51:23.247","2024-08-29 16:51:23.247","male",51,"0",26,False
7232,"1045",708,725,"5","Hike","Hike","2024-06-27 20:10:15",NULL,NULL,"United States",1,False,False,False,False,"g13263","1.476","6.158",False,False,False,"78.6","72.4","12539383557","stripped_garmin_ping_350891829974",0,"clx50in7e00018mc4q47nywua","2024-08-29 16:51:23.247","2024-08-29 16:51:23.247","male",51,"0",26,False
7233,"998.9",993,1367,"3","Hike","Hike","2024-06-27 19:22:40",NULL,NULL,"United States",1,False,False,False,False,"g13263","1.006","1.994",False,False,False,"74.6","71.8","12539383091","stripped_garmin_ping_350891816128",0,"clx50in7e00018mc4q47nywua","2024-08-29 16:51:23.247","2024-08-29 16:51:23.247","male",51,"0",26,False
7234,"8248.4",3003,3039,"25","Run","Run","2024-06-27 11:52:33",NULL,NULL,"United States",1,False,False,False,False,"g13263","2.747","4.214",False,False,False,"156","147","12537441298","stripped_garmin_ping_350847009476",0,"clx50in7e00018mc4q47nywua","2024-08-29 16:51:23.247","2024-08-29 16:51:23.247","male",51,"47.56",26,True
7235,"5502.4",5225,5826,"10","Hike","Hike","2024-06-26 22:25:26",NULL,NULL,"United States",1,False,False,False,False,"g13263","1.053","1.862",False,False,False,"147.4","142.6","12537439562","stripped_garmin_ping_350846975125",0,"clx50in7e00018mc4q47nywua","2024-08-29 16:51:23.247","2024-08-29 16:51:23.247","male",51,"0",26,False
7236,"2976.3",2547,4066,"56","Hike","Hike","2024-06-25 23:59:28",NULL,NULL,"United States",1,False,False,False,False,"g13263","1.169","4.633",False,False,False,"168.6","112.2","12524480027","stripped_garmin_ping_350470139419",0,"clx50in7e00018mc4q47nywua","2024-08-29 16:51:23.247","2024-08-29 16:51:23.247","male",51,"0",26,False
7237,"2450.8",2248,3626,"21","Hike","Hike","2024-06-25 20:54:02",NULL,NULL,"United States",1,False,False,False,False,"g13263","1.09","3.845",False,False,False,"171.6","154.2","12524204572","stripped_garmin_ping_350461981915",0,"clx50in7e00018mc4q47nywua","2024-08-29 16:51:23.247","2024-08-29 16:51:23.247","male",51,"0",26,False
7238,"2205.3",2221,2527,"34","Hike","Hike","2024-06-25 16:40:11",NULL,NULL,"United States",1,False,False,False,False,"g13263","0.993","1.84",False,False,False,"179.6","155","12524203724","stripped_garmin_ping_350461955058",0,"clx50in7e00018mc4q47nywua","2024-08-29 16:51:23.248","2024-08-29 16:51:23.248","male",51,"0",26,False
7239,"6192.1",2385,2418,"2","Run","Run","2024-06-23 23:05:37",NULL,NULL,"United States",1,False,False,False,False,"g13263","2.596","4.078",False,False,False,"9.9","7.9","12507651742","stripped_28E8772D-7CA5-45CD-9C4C-4CA8962DB59D-activity.fit",0,"clx50in7e00018mc4q47nywua","2024-08-29 16:51:23.248","2024-08-29 16:51:23.248","male",51,"53.33",25,True
7240,"10012.8",3470,3820,"9","Run","Run","2024-06-23 00:15:42",NULL,NULL,"United States",1,False,False,False,False,"g13263","2.886","4.922",False,False,False,"9","2.4","12499367958","stripped_garmin_ping_349749167801",0,"clx50in7e00018mc4q47nywua","2024-08-29 16:51:23.248","2024-08-29 16:51:23.248","male",51,"42.92",25,True
7241,"7175.9",2407,2420,"60","Run","Run","2024-06-15 13:53:32",NULL,NULL,"United States",1,False,False,False,False,"g13263","2.981","5.04",False,False,False,"93.8","39","12440046954","stripped_garmin_ping_347994586904",0,"clx50in7e00018mc4q47nywua","2024-08-29 16:51:23.248","2024-08-29 16:51:23.248","male",51,"40.2",24,True
7242,"7121.9",2579,2703,"70","Run","Run","2024-06-13 14:50:14",NULL,NULL,"United States",1,False,False,False,False,"g13263","2.762","4.255",False,False,False,"90.4","39","12424991847","stripped_garmin_ping_347542462794",0,"clx50in7e00018mc4q47nywua","2024-08-29 16:51:23.248","2024-08-29 16:51:23.248","male",51,"47.21",24,True
7243,"8150.6",3021,3035,"85","Run","Run","2024-06-12 15:07:51",NULL,NULL,"United States",1,False,False,False,False,"g13263","2.698","4.307",False,False,False,"106.6","73.8","12417017656","stripped_garmin_ping_347310669465",0,"clx50in7e00018mc4q47nywua","2024-08-29 16:51:23.248","2024-08-29 16:51:23.248","male",51,"49.38",24,True
7244,"7021.5",2486,2497,"55","Run","Run","2024-06-11 14:57:42",NULL,NULL,"United States",1,False,False,False,False,"g13263","2.824","3.828",False,False,False,"94.2","75.4","12408354012","stripped_garmin_ping_347071374546",0,"clx50in7e00018mc4q47nywua","2024-08-29 16:51:23.248","2024-08-29 16:51:23.248","male",51,"45.14",24,True
7245,"2080.3",2553,2597,"0","Swim","Swim","2024-06-10 23:53:45",NULL,NULL,"United States",1,True,False,False,False,NULL,"0.815","1.758",False,False,False,"0","0","12403743271","stripped_garmin_ping_346925565836",0,"clx50in7e00018mc4q47nywua","2024-08-29 16:51:23.249","2024-08-29 16:51:23.249","male",51,"0",24,False
7246,"7069",2515,2515,"68","Run","Run","2024-06-10 20:23:49",NULL,NULL,"United States",1,False,False,False,False,"g13263","2.811","3.714",False,False,False,"86.2","38.2","12402659302","stripped_garmin_ping_346891436094",0,"clx50in7e00018mc4q47nywua","2024-08-29 16:51:23.249","2024-08-29 16:51:23.249","male",51,"45.66",24,True
7247,"44536.2",6359,6481,"335","Ride","Ride","2024-06-10 00:54:03",NULL,NULL,"United States",1,False,False,False,False,"b120709","7.004","15.248",False,False,False,"150","3.6","12396643283","stripped_garmin_ping_346701868584",1,"clx50in7e00018mc4q47nywua","2024-08-29 16:51:23.249","2024-08-29 16:51:23.249","male",51,"0",24,False
7248,"50462.1",7328,7526,"289","Ride","Ride","2024-06-09 21:34:45",NULL,NULL,"United States",1,False,False,False,False,"b120709","6.886","18.618",False,False,False,"135.6","4.4","12396104718","stripped_garmin_ping_346677849041",0,"clx50in7e00018mc4q47nywua","2024-08-29 16:51:23.249","2024-08-29 16:51:23.249","male",51,"0",23,False
7249,"25507.3",6814,8434,"240","Ride","Ride","2024-06-08 14:01:40",NULL,NULL,"United States",1,False,False,False,False,"b120709","3.743","8.728",False,False,False,"98.2","-9.6","12385083510","stripped_garmin_ping_346370637866",0,"clx50in7e00018mc4q47nywua","2024-08-29 16:51:23.249","2024-08-29 16:51:23.249","male",51,"0",23,False
7250,"549.6",483,483,"3","Hike","Hike","2024-06-07 19:02:52",NULL,NULL,"United States",1,False,False,False,False,"g13263","1.138","1.6",False,False,False,"85.6","81.8","12377748182","stripped_garmin_ping_346163338767",0,"clx50in7e00018mc4q47nywua","2024-08-29 16:51:23.249","2024-08-29 16:51:23.249","male",51,"0",23,False
7251,"45054.4",5611,5631,"181","Ride","Ride","2024-06-06 23:51:55",NULL,NULL,"United States",1,False,False,False,False,"b120709","8.03","12.36",False,False,False,"89.4","-4.6","12372066852","stripped_garmin_ping_345989447062",1,"clx50in7e00018mc4q47nywua","2024-08-29 16:51:23.249","2024-08-29 16:51:23.249","male",51,"0",23,False
7252,"1760.2",2080,2095,"0","Swim","Swim","2024-06-05 23:56:53",NULL,NULL,"United States",1,True,False,False,False,NULL,"0.846","1.089",False,False,False,"0","0","12363697933","stripped_garmin_ping_345744010582",0,"clx50in7e00018mc4q47nywua","2024-08-29 16:51:23.25","2024-08-29 16:51:23.25","male",51,"0",23,False
7253,"59498.2",8119,8253,"519","Ride","Ride","2024-06-04 21:47:22",NULL,NULL,"United States",1,False,False,False,False,"b120709","7.328","15.088",False,False,False,"138.6","4.2","12355352371","stripped_garmin_ping_345501589906",0,"clx50in7e00018mc4q47nywua","2024-08-29 16:51:23.25","2024-08-29 16:51:23.25","male",51,"0",23,False
7254,"33424.3",7455,7864,"126","Ride","Ride","2024-06-03 14:09:08",NULL,NULL,"United States",1,False,False,False,False,"b120709","4.483","7.297",False,False,False,"71.4","-16.8","12343145983","stripped_garmin_ping_345155649110",0,"clx50in7e00018mc4q47nywua","2024-08-29 16:51:23.25","2024-08-29 16:51:23.25","male",51,"0",23,False
7255,"58502",11705,13268,"621","Ride","Ride","2024-06-02 21:47:51",NULL,NULL,"United States",1,False,False,False,False,"b120709","4.998","14.843",False,False,False,"126","-9.8","12338948731","stripped_garmin_ping_345008807788",0,"clx50in7e00018mc4q47nywua","2024-08-29 16:51:23.25","2024-08-29 16:51:23.25","male",51,"0",22,False
7256,"4340.6",861,861,"28","Ride","Ride","2024-05-31 16:04:34",NULL,NULL,"United States",1,False,False,False,False,"b120709","5.041","8.644",False,False,False,"111.6","85","12319263422","stripped_garmin_ping_344453088943",0,"clx50in7e00018mc4q47nywua","2024-08-29 16:51:23.25","2024-08-29 16:51:23.25","male",51,"0",22,False
7257,"2651.8",3003,3106,"0","Swim","Swim","2024-05-31 14:57:33",NULL,NULL,"United States",1,True,False,False,False,NULL,"0.883","1.172",False,False,False,"0","0","12319055306","stripped_garmin_ping_344447999587",0,"clx50in7e00018mc4q47nywua","2024-08-29 16:51:23.25","2024-08-29 16:51:23.25","male",51,"0",22,False
7258,"4115.9",903,1015,"40","Ride","Ride","2024-05-31 14:34:30",NULL,NULL,"United States",1,False,False,False,False,"b120709","4.558","7.56",False,False,False,"103.8","79.2","12318657577","stripped_garmin_ping_344438260663",0,"clx50in7e00018mc4q47nywua","2024-08-29 16:51:23.25","2024-08-29 16:51:23.25","male",51,"0",22,False
7259,"54498.1",7288,7699,"337","Ride","Ride","2024-05-30 19:12:08",NULL,NULL,"United States",1,False,False,False,False,"b120709","7.478","15.458",False,False,False,"111.2","-10.4","12313934733","stripped_garmin_ping_344276247435",6,"clx50in7e00018mc4q47nywua","2024-08-29 16:51:23.251","2024-08-29 16:51:23.251","male",51,"0",22,False
7260,"4173.4",885,953,"31","Ride","Ride","2024-05-29 16:02:37",NULL,NULL,"United States",1,False,False,False,False,"b120709","4.716","8.871",False,False,False,"116.2","92","12303533692","stripped_garmin_ping_343989310698",0,"clx50in7e00018mc4q47nywua","2024-08-29 16:51:23.251","2024-08-29 16:51:23.251","male",51,"0",22,False
7261,"2423.2",3176,3199,"0","Swim","Swim","2024-05-29 14:55:24",NULL,NULL,"United States",1,True,False,False,False,NULL,"0.763","1.385",False,False,False,"0","0","12303293998","stripped_garmin_ping_343983552752",0,"clx50in7e00018mc4q47nywua","2024-08-29 16:51:23.251","2024-08-29 16:51:23.251","male",51,"0",22,False
7262,"4107.3",841,881,"42","Ride","Ride","2024-05-29 14:32:25",NULL,NULL,"United States",1,False,False,False,False,"b120709","4.884","8.292",False,False,False,"105.6","79.4","12302860726","stripped_garmin_ping_343972128726",0,"clx50in7e00018mc4q47nywua","2024-08-29 16:51:23.251","2024-08-29 16:51:23.251","male",51,"0",22,False
7263,"49419.1",7347,7704,"441","Ride","Ride","2024-05-28 18:38:24",NULL,NULL,"United States",1,False,False,False,False,"b120709","6.726","15.226",False,False,False,"172.2","37.6","12297520690","stripped_garmin_ping_343800252774",1,"clx50in7e00018mc4q47nywua","2024-08-29 16:51:23.251","2024-08-29 16:51:23.251","male",51,"0",22,False
7264,"2520.1",1704,1704,"24","Hike","Hike","2024-05-28 01:13:36",NULL,NULL,"United States",1,False,False,False,False,"g13263","1.479","2.313",False,False,False,"104.8","82.6","12290857183","stripped_garmin_ping_343607020845",0,"clx50in7e00018mc4q47nywua","2024-08-29 16:51:23.251","2024-08-29 16:51:23.251","male",51,"0",22,False
7265,"10004.5",3376,3515,"89","Run","Run","2024-05-28 00:14:23",NULL,NULL,"United States",1,False,False,False,False,"g13263","2.963","4.396",False,False,False,"129.2","77.4","12290856938","stripped_garmin_ping_343607012541",0,"clx50in7e00018mc4q47nywua","2024-08-29 16:51:23.251","2024-08-29 16:51:23.251","male",51,"40.61",22,True
7266,"17485.8",5071,6566,"168","Ride","Ride","2024-05-25 14:02:44",NULL,NULL,"United States",1,False,False,False,False,"b120709","3.448","8.946",False,False,False,"37.6","-66","12271777577","stripped_garmin_ping_343044459311",0,"clx50in7e00018mc4q47nywua","2024-08-29 16:51:23.252","2024-08-29 16:51:23.252","male",51,"0",21,False
7267,"35292.3",7692,8289,"303","Ride","Ride","2024-05-24 22:22:25",NULL,NULL,"United States",1,False,False,False,False,"b120709","4.588","11.596",False,False,False,"131.6","23.4","12266318340","stripped_garmin_ping_342896415015",0,"clx50in7e00018mc4q47nywua","2024-08-29 16:51:23.252","2024-08-29 16:51:23.252","male",51,"0",21,False
7268,"4106.1",834,834,"59","Ride","Ride","2024-05-24 16:10:06",NULL,NULL,"United States",1,False,False,False,False,"b120709","4.923","9.314",False,False,False,"140","87","12263790109","stripped_garmin_ping_342817321934",0,"clx50in7e00018mc4q47nywua","2024-08-29 16:51:23.252","2024-08-29 16:51:23.252","male",51,"0",21,False
7269,"2560.3",3567,3611,"0","Swim","Swim","2024-05-24 14:56:28",NULL,NULL,"United States",1,True,False,False,False,NULL,"0.718","1.429",False,False,False,"0","0","12263590822","stripped_garmin_ping_342812433305",0,"clx50in7e00018mc4q47nywua","2024-08-29 16:51:23.252","2024-08-29 16:51:23.252","male",51,"0",21,False
7270,"4012.3",799,885,"39","Ride","Ride","2024-05-24 14:33:19",NULL,NULL,"United States",1,False,False,False,False,"b120709","5.022","8.306",False,False,False,"86","63","12263142357","stripped_garmin_ping_342801123441",0,"clx50in7e00018mc4q47nywua","2024-08-29 16:51:23.252","2024-08-29 16:51:23.252","male",51,"0",21,False
7271,"10216.2",3330,3334,"54","Run","Run","2024-05-24 01:58:39",NULL,NULL,"United States",1,False,False,False,False,"g13263","3.068","4.512",False,False,False,"88.2","64.6","12259770036","stripped_garmin_ping_342683108456",0,"clx50in7e00018mc4q47nywua","2024-08-29 16:51:23.252","2024-08-29 16:51:23.252","male",51,"37.5",21,True
7272,"4634.2",1579,1639,"31","Run","Run","2024-05-22 17:48:46",NULL,NULL,"United States",1,False,False,False,False,"g13263","2.935","4.317",False,False,False,"112.8","71.6","12249234746","stripped_garmin_ping_342364322660",0,"clx50in7e00018mc4q47nywua","2024-08-29 16:51:23.253","2024-08-29 16:51:23.253","male",51,"42.08",21,True
7273,"4050.5",976,1669,"8","Run","Run","2024-05-22 17:19:21",NULL,NULL,"United States",1,False,False,False,False,"g13263","4.15","5.45",False,False,False,"117.8","112","12249232675","stripped_garmin_ping_342364264955",0,"clx50in7e00018mc4q47nywua","2024-08-29 16:51:23.253","2024-08-29 16:51:23.253","male",51,"15.97",21,True
7274,"4734.8",1807,1807,"64","Run","Run","2024-05-22 16:47:01",NULL,NULL,"United States",1,False,False,False,False,"g13263","2.62","3.987",False,False,False,"114.8","69.2","12249229703","stripped_garmin_ping_342364209067",0,"clx50in7e00018mc4q47nywua","2024-08-29 16:51:23.253","2024-08-29 16:51:23.253","male",51,"52.78",21,True
7275,"547.6",116,116,"2","Run","Run","2024-05-22 02:41:43",NULL,NULL,"United States",1,False,False,False,False,"g13263","4.721","5.864",False,False,False,"87.6","83","12243949919","stripped_garmin_ping_342207894516",0,"clx50in7e00018mc4q47nywua","2024-08-29 16:51:23.253","2024-08-29 16:51:23.253","male",51,"8.21",21,True
7276,"44.8",8,8,"0","Workout","Workout","2024-05-22 02:41:35",NULL,NULL,"United States",1,False,False,False,False,NULL,"5.596","5.61",False,False,False,"89.2","87.8","12243949911","stripped_garmin_ping_342207894516",0,"clx50in7e00018mc4q47nywua","2024-08-29 16:51:23.253","2024-08-29 16:51:23.253","male",51,"0",21,False
7277,"775.4",144,144,"6.6","Ride","Ride","2024-05-22 02:39:08",NULL,NULL,"United States",1,False,False,False,False,"b120709","5.385","8.4",False,False,False,"102.6","88.6","12243949906","stripped_garmin_ping_342207894516",0,"clx50in7e00018mc4q47nywua","2024-08-29 16:51:23.253","2024-08-29 16:51:23.253","male",51,"0",21,False
7278,"177.9",74,74,"0","Swim","Swim","2024-05-22 02:37:46",NULL,NULL,"United States",1,False,False,False,False,NULL,"2.404","4.883",False,False,False,"95.6","95.6","12243949854","stripped_garmin_ping_342207894516",0,"clx50in7e00018mc4q47nywua","2024-08-29 16:51:23.253","2024-08-29 16:51:23.253","male",51,"0",21,False
7279,"2816.4",604,604,"24","Ride","Ride","2024-05-22 02:27:18",NULL,NULL,"United States",1,False,False,False,False,"b120709","4.663","7.866",False,False,False,"112.6","98.2","12243931067","stripped_garmin_ping_342207266457",0,"clx50in7e00018mc4q47nywua","2024-08-29 16:51:23.254","2024-08-29 16:51:23.254","male",51,"0",21,False
7280,"2514.6",3351,3359,"0","Swim","Swim","2024-05-22 01:05:25",NULL,NULL,"United States",1,True,False,False,False,NULL,"0.75","1.236",False,False,False,"0","0","12243811954","stripped_garmin_ping_342203293603",0,"clx50in7e00018mc4q47nywua","2024-08-29 16:51:23.254","2024-08-29 16:51:23.254","male",51,"0",21,False
7281,"5096.1",1257,1329,"49","Ride","Ride","2024-05-22 00:34:54",NULL,NULL,"United States",1,False,False,False,False,"b120709","4.054","7.387",False,False,False,"84.6","61.2","12243552562","stripped_garmin_ping_342194218193",0,"clx50in7e00018mc4q47nywua","2024-08-29 16:51:23.254","2024-08-29 16:51:23.254","male",51,"0",21,False
7282,"57110.3",7981,8209,"540","Ride","Ride","2024-05-21 14:57:20",NULL,NULL,"United States",1,False,False,False,False,"b120709","7.156","16.112",False,False,False,"181.6","48.6","12240597947","stripped_garmin_ping_342115416211",2,"clx50in7e00018mc4q47nywua","2024-08-29 16:51:23.254","2024-08-29 16:51:23.254","male",51,"0",21,False
7283,"11512.7",4128,4128,"94","Run","Run","2024-05-20 18:03:15",NULL,NULL,"United States",1,False,False,False,False,"g13263","2.789","3.953",False,False,False,"116.8","79","12233672472","stripped_garmin_ping_341900021036",0,"clx50in7e00018mc4q47nywua","2024-08-29 16:51:23.254","2024-08-29 16:51:23.254","male",51,"45.79",21,True
7284,"6396.9",1485,1634,"28","Ride","Ride","2024-05-18 23:40:09",NULL,NULL,"United States",1,False,False,False,False,"b120709","4.308","8.046",False,False,False,"138","89.8","12218151032","stripped_garmin_ping_341472460961",0,"clx50in7e00018mc4q47nywua","2024-08-29 16:51:23.254","2024-08-29 16:51:23.254","male",51,"0",20,False
7285,"2492.5",721,1193,"33","Ride","Ride","2024-05-18 22:50:55",NULL,NULL,"United States",1,False,False,False,False,"b120709","3.457","4.783",False,False,False,"134.2","106.6","12217917784","stripped_garmin_ping_341463563690",0,"clx50in7e00018mc4q47nywua","2024-08-29 16:51:23.254","2024-08-29 16:51:23.254","male",51,"0",20,False
7286,"3853.8",1119,1138,"41","Ride","Ride","2024-05-18 22:23:13",NULL,NULL,"United States",1,False,False,False,False,"b120709","3.444","6.924",False,False,False,"85.4","63","12217818770","stripped_garmin_ping_341459496804",0,"clx50in7e00018mc4q47nywua","2024-08-29 16:51:23.254","2024-08-29 16:51:23.254","male",51,"0",20,False
7287,"36585",8582,10725,"645","Ride","Ride","2024-05-18 14:55:36",NULL,NULL,"United States",1,False,False,False,False,"b120709","4.263","11.255",False,False,False,"1497","1201.4","12216898118","stripped_garmin_ping_341426420981",5,"clx50in7e00018mc4q47nywua","2024-08-29 16:51:23.254","2024-08-29 16:51:23.254","male",51,"0",20,False
7288,"2331.7",2662,2669,"0","Swim","Swim","2024-05-17 23:58:30",NULL,NULL,"United States",1,True,False,False,False,NULL,"0.876","1.115",False,False,False,"0","0","12210070149","stripped_garmin_ping_341247732725",0,"clx50in7e00018mc4q47nywua","2024-08-29 16:51:23.255","2024-08-29 16:51:23.255","male",51,"0",20,False
7289,"58170.6",8321,9040,"188","Ride","Ride","2024-05-17 16:49:55",NULL,NULL,"United States",1,False,False,False,False,"b120709","6.991","11.518",False,False,False,"86.4","0.4","12216898216","stripped_garmin_ping_341426415599",1,"clx50in7e00018mc4q47nywua","2024-08-29 16:51:23.255","2024-08-29 16:51:23.255","male",51,"0",20,False
7290,"8012.9",2662,2785,"80","Run","Run","2024-05-16 17:52:09",NULL,NULL,"United States",1,False,False,False,False,"g13263","3.01","5.051",False,False,False,"95","40.4","12200980751","stripped_garmin_ping_340960035348",1,"clx50in7e00018mc4q47nywua","2024-08-29 16:51:23.255","2024-08-29 16:51:23.255","male",51,"39.32",20,True
7291,"14130.4",4635,5933,"139","Ride","Ride","2024-05-16 14:01:28",NULL,NULL,"United States",1,False,False,False,False,"b120709","3.049","7.447",False,False,False,"118","71.6","12199517581","stripped_garmin_ping_340928128555",0,"clx50in7e00018mc4q47nywua","2024-08-29 16:51:23.255","2024-08-29 16:51:23.255","male",51,"0",20,False
7292,"28542.3",6544,13321,"204","Ride","Ride","2024-05-15 17:33:33",NULL,NULL,"United States",1,False,False,False,False,"b120709","4.362","12.504",False,False,False,"134.4","21.4","12194275228","stripped_garmin_ping_340755928124",1,"clx50in7e00018mc4q47nywua","2024-08-29 16:51:23.255","2024-08-29 16:51:23.255","male",51,"0",20,False
7293,"4194.9",861,878,"24","Ride","Ride","2024-05-15 02:35:47",NULL,NULL,"United States",1,False,False,False,False,"b120709","4.872","8.26",False,False,False,"100.4","74.8","12187695153","stripped_garmin_ping_340571652409",0,"clx50in7e00018mc4q47nywua","2024-08-29 16:51:23.255","2024-08-29 16:51:23.255","male",51,"0",20,False
7294,"2126",2572,2646,"0","Swim","Swim","2024-05-15 01:32:33",NULL,NULL,"United States",1,True,False,False,False,NULL,"0.827","1.405",False,False,False,"0","0","12187694971","stripped_garmin_ping_340571643111",0,"clx50in7e00018mc4q47nywua","2024-08-29 16:51:23.255","2024-08-29 16:51:23.255","male",51,"0",20,False
7295,"4080.7",892,892,"41","Ride","Ride","2024-05-15 01:09:37",NULL,NULL,"United States",1,False,False,False,False,"b120709","4.575","7.633",False,False,False,"103.8","79.4","12187391381","stripped_garmin_ping_340561469151",0,"clx50in7e00018mc4q47nywua","2024-08-29 16:51:23.255","2024-08-29 16:51:23.255","male",51,"0",20,False
7296,"7155.8",2087,2213,"3","Run","Run","2024-05-14 17:58:35",NULL,NULL,"United States",1,False,False,False,False,"g13263","3.429","4.684",False,False,False,"11","6.2","12185118855","stripped_garmin_ping_340497150642",6,"clx50in7e00018mc4q47nywua","2024-08-29 16:51:23.255","2024-08-29 16:51:23.255","male",51,"28.79",20,True
7297,"57451.2",7945,8205,"576","Ride","Ride","2024-05-13 18:04:09",NULL,NULL,"United States",1,False,False,False,False,"b120709","7.231","15.69",False,False,False,"189.4","35.8","12177501148","stripped_garmin_ping_340277150081",2,"clx50in7e00018mc4q47nywua","2024-08-29 16:51:23.255","2024-08-29 16:51:23.255","male",51,"0",20,False
7298,"7032.6",2534,2534,"74","Run","Run","2024-05-12 18:26:08",NULL,NULL,"United States",1,False,False,False,False,"g13263","2.775","3.883",False,False,False,"88.2","37.6","12169917662","stripped_garmin_ping_340029194035",0,"clx50in7e00018mc4q47nywua","2024-08-29 16:51:23.256","2024-08-29 16:51:23.256","male",51,"46.7",19,True
7299,"21124.8",4888,5168,"182","Ride","Ride","2024-05-12 00:05:23",NULL,NULL,"United States",1,False,False,False,False,"b120709","4.322","10.03",False,False,False,"94.8","36","12163001402","stripped_garmin_ping_339856721118",0,"clx50in7e00018mc4q47nywua","2024-08-29 16:51:23.256","2024-08-29 16:51:23.256","male",51,"0",19,False
7300,"11004.5",3761,3835,"103","Run","Run","2024-05-11 14:51:18",NULL,NULL,"United States",1,False,False,False,False,"g13263","2.926","5.494",False,False,False,"124.8","72.4","12159952305","stripped_garmin_ping_339765082887",0,"clx50in7e00018mc4q47nywua","2024-08-29 16:51:23.256","2024-08-29 16:51:23.256","male",51,"41.51",19,True
7301,"10071.1",3245,3245,"99","Run","Run","2024-05-10 01:55:02",NULL,NULL,"United States",1,False,False,False,False,"g13263","3.104","4.34",False,False,False,"90.2","42.4","12147231141","stripped_garmin_ping_339407365394",0,"clx50in7e00018mc4q47nywua","2024-08-29 16:51:23.256","2024-08-29 16:51:23.256","male",51,"36.49",19,True
7302,"21873.7",5882,7757,"112","Ride","Ride","2024-05-09 13:56:51",NULL,NULL,"United States",1,False,False,False,False,"b120709","3.719","6.418",False,False,False,"88.6","-2","12163001319","stripped_garmin_ping_339856718918",0,"clx50in7e00018mc4q47nywua","2024-08-29 16:51:23.256","2024-08-29 16:51:23.256","male",51,"0",19,False
7303,"50175.1",7245,8266,"471","Ride","Ride","2024-05-08 14:32:19",NULL,NULL,"United States",1,False,False,False,False,"b120709","6.925","15.624",False,False,False,"174.4","18.4","12135179783","stripped_garmin_ping_339077734181",0,"clx50in7e00018mc4q47nywua","2024-08-29 16:51:23.256","2024-08-29 16:51:23.256","male",51,"0",19,False
7304,"7398",2482,2559,"74","Run","Run","2024-05-07 14:42:04",NULL,NULL,"United States",1,False,False,False,False,"g13263","2.981","4.7",False,False,False,"84.2","35.8","12126087754","stripped_garmin_ping_338829855712",0,"clx50in7e00018mc4q47nywua","2024-08-29 16:51:23.256","2024-08-29 16:51:23.256","male",51,"40.17",19,True
7305,"7166.5",1617,1684,"41","Ride","Ride","2024-05-07 01:16:53",NULL,NULL,"United States",1,False,False,False,False,"b120709","4.432","9.08",False,False,False,"145.6","105","12122067072","stripped_garmin_ping_338700573122",0,"clx50in7e00018mc4q47nywua","2024-08-29 16:51:23.256","2024-08-29 16:51:23.256","male",51,"0",19,False
7306,"2126",2504,2522,"0","Swim","Swim","2024-05-07 00:02:08",NULL,NULL,"United States",1,True,False,False,False,NULL,"0.849","1.385",False,False,False,"0","0","12121815749","stripped_garmin_ping_338691246333",0,"clx50in7e00018mc4q47nywua","2024-08-29 16:51:23.257","2024-08-29 16:51:23.257","male",51,"0",19,False
7307,"4264.3",1147,1230,"68","Ride","Ride","2024-05-06 23:34:55",NULL,NULL,"United States",1,False,False,False,False,"b120709","3.718","7.62",False,False,False,"-45.4","-89.6","12121592155","stripped_garmin_ping_338683635123",0,"clx50in7e00018mc4q47nywua","2024-08-29 16:51:23.257","2024-08-29 16:51:23.257","male",51,"0",19,False
7308,"56476.3",7234,8100,"66","Ride","Ride","2024-05-05 10:24:53",NULL,NULL,"United States",1,False,False,False,False,"b120709","7.807","11.14",False,False,False,"751.6","728","12109953877","stripped_garmin_ping_338334283103",4,"clx50in7e00018mc4q47nywua","2024-08-29 16:51:23.257","2024-08-29 16:51:23.257","male",51,"0",18,False
7309,"2253.7",2064,2097,"24","Hike","Hike","2024-05-04 14:15:55",NULL,NULL,"United States",1,False,False,False,False,"g13263","1.092","2.44",False,False,False,"754.4","733.6","12102953705","stripped_garmin_ping_338136041586",0,"clx50in7e00018mc4q47nywua","2024-08-29 16:51:23.257","2024-08-29 16:51:23.257","male",51,"0",18,False
7310,"2918.2",2788,2833,"13","Hike","Hike","2024-05-04 12:38:21",NULL,NULL,"United States",1,False,False,False,False,"g13263","1.047","2.162",False,False,False,"755.8","736.8","12102951848","stripped_garmin_ping_338136007075",0,"clx50in7e00018mc4q47nywua","2024-08-29 16:51:23.257","2024-08-29 16:51:23.257","male",51,"0",18,False
7311,"5170.2",2791,3164,"45","Run","Run","2024-05-03 20:33:09",NULL,NULL,"United States",1,False,False,False,False,"g13263","1.852","3.617",False,False,False,"775.8","756","12096909958","stripped_garmin_ping_337965050118",0,"clx50in7e00018mc4q47nywua","2024-08-29 16:51:23.257","2024-08-29 16:51:23.257","male",51,"93.94",18,True
7312,"1714.5",2930,2963,"0","Swim","Swim","2024-05-03 09:27:36",NULL,NULL,"United States",1,True,False,False,False,NULL,"0.585","1.089",False,False,False,"0","0","12092816089","stripped_garmin_ping_337854554107",0,"clx50in7e00018mc4q47nywua","2024-08-29 16:51:23.257","2024-08-29 16:51:23.257","male",51,"0",18,False
7313,"63363",8640,11534,"67","Ride","Ride","2024-05-02 09:44:25",NULL,NULL,"United States",1,False,False,False,False,"b120709","7.334","10.705",False,False,False,"700.6","659.2","12086394957","stripped_garmin_ping_337650800285",2,"clx50in7e00018mc4q47nywua","2024-08-29 16:51:23.257","2024-08-29 16:51:23.257","male",51,"0",18,False
7314,"52767.1",7884,10010,"114","Ride","Ride","2024-05-01 12:51:55",NULL,NULL,"United States",1,False,False,False,False,"b120709","6.693","10.555",False,False,False,"784","744.4","12079729284","stripped_garmin_ping_337448646811",0,"clx50in7e00018mc4q47nywua","2024-08-29 16:51:23.257","2024-08-29 16:51:23.257","male",51,"0",18,False
7315,"1748.7",971,982,"10","Run","Run","2024-05-01 12:19:38",NULL,NULL,"United States",1,False,False,False,False,"g13263","1.801","3.018",False,False,False,"767.2","758.8","12078079485","stripped_garmin_ping_337413916076",0,"clx50in7e00018mc4q47nywua","2024-08-29 16:51:23.257","2024-08-29 16:51:23.257","male",51,"98.9",18,True
7316,"2429.8",1495,1630,"7.8","Walk","Walk","2024-04-30 13:31:14",NULL,NULL,"United States",1,False,False,False,False,"g13263","1.625","10.201",False,False,False,"747.3","728.7","12069721536","stripped_101E4606-6106-4D84-9479-9A1F64904AEA-activity.fit",0,"clx50in7e00018mc4q47nywua","2024-08-29 16:51:23.257","2024-08-29 16:51:23.257","male",51,"0",18,False
7317,"50019.9",6205,6655,"64","Ride","Ride","2024-04-30 09:19:57",NULL,NULL,"United States",1,False,False,False,False,"b120709","8.061","12.049",False,False,False,"739.8","713.6","12068545491","stripped_garmin_ping_337160450456",12,"clx50in7e00018mc4q47nywua","2024-08-29 16:51:23.258","2024-08-29 16:51:23.258","male",51,"0",18,False
7318,"7445",3161,3211,"64","Run","Run","2024-04-29 10:28:37",NULL,NULL,"United States",1,False,False,False,False,"g13263","2.355","4.642",False,False,False,"771.6","749","12077854693","stripped_garmin_ping_337409417747",0,"clx50in7e00018mc4q47nywua","2024-08-29 16:51:23.258","2024-08-29 16:51:23.258","male",51,"63.22",18,True
7319,"1545.7",1481,1527,"15.8","Walk","Walk","2024-04-28 13:28:00",NULL,NULL,"United States",1,False,False,False,False,"g13263","1.044","3.452",False,False,False,"752","740.3","12054295354","stripped_7E2290D3-5DE7-4132-B9B2-D14A7D63397D-activity.fit",0,"clx50in7e00018mc4q47nywua","2024-08-29 16:51:23.258","2024-08-29 16:51:23.258","male",51,"0",17,False
7320,"40751",6348,6431,"128","Ride","Ride","2024-04-28 10:38:07",NULL,NULL,"United States",1,False,False,False,False,"b120709","6.42","11.632",False,False,False,"724.8","697","12053526155","stripped_garmin_ping_336701336664",1,"clx50in7e00018mc4q47nywua","2024-08-29 16:51:23.258","2024-08-29 16:51:23.258","male",51,"0",17,False
7321,"39010.8",5518,5842,"76","Ride","Ride","2024-04-27 19:16:27",NULL,NULL,"United States",1,False,False,False,False,"b120709","7.07","11.395",False,False,False,"762.4","725.2","12048919071","stripped_garmin_ping_336561204038",1,"clx50in7e00018mc4q47nywua","2024-08-29 16:51:23.258","2024-08-29 16:51:23.258","male",51,"0",17,False
7322,"9371.8",3360,3433,"84","Run","Run","2024-04-27 10:07:49",NULL,NULL,"United States",1,False,False,False,False,"g13263","2.789","4.888",False,False,False,"770.8","748.4","12044844656","stripped_garmin_ping_336461640642",0,"clx50in7e00018mc4q47nywua","2024-08-29 16:51:23.258","2024-08-29 16:51:23.258","male",51,"46.1",17,True
7323,"8013.2",2984,2998,"75","Run","Run","2024-04-26 14:45:20",NULL,NULL,"United States",1,False,False,False,False,"g13263","2.685","10.398",False,False,False,"821.6","760.8","12039134116","stripped_garmin_ping_336281827266",0,"clx50in7e00018mc4q47nywua","2024-08-29 16:51:23.258","2024-08-29 16:51:23.258","male",51,"49.92",17,True
7324,"7003.1",2345,2352,"24","Run","Run","2024-04-25 20:26:32",NULL,NULL,"United States",1,False,False,False,False,"g13263","2.986","5.3",False,False,False,"764.6","757.2","12034097771","stripped_garmin_ping_336113097678",0,"clx50in7e00018mc4q47nywua","2024-08-29 16:51:23.258","2024-08-29 16:51:23.258","male",51,"40.22",17,True
7325,"5475.2",4063,6392,"39.9","Walk","Walk","2024-04-25 17:29:29",NULL,NULL,"United States",1,False,False,False,False,"g13263","1.348","14.051",False,False,False,"752","734.2","12033250054","stripped_B5FC2732-EBCB-43E2-8BC8-710E2DBBD815-activity.fit",0,"clx50in7e00018mc4q47nywua","2024-08-29 16:51:23.258","2024-08-29 16:51:23.258","male",51,"0",17,False
7326,"58917",7586,7811,"60","Ride","Ride","2024-04-25 09:05:03",NULL,NULL,"United States",1,False,False,False,False,"b120709","7.767","11.824",False,False,False,"928.6","788","12029896657","stripped_garmin_ping_336011545325",0,"clx50in7e00018mc4q47nywua","2024-08-29 16:51:23.258","2024-08-29 16:51:23.258","male",51,"0",17,False
7327,"7023",2598,2601,"36","Run","Run","2024-04-24 20:16:21",NULL,NULL,"United States",1,False,False,False,False,"g13263","2.703","4.017",False,False,False,"768.8","747.6","12026297553","stripped_garmin_ping_335886657403",0,"clx50in7e00018mc4q47nywua","2024-08-29 16:51:23.258","2024-08-29 16:51:23.258","male",51,"49.3",17,True
7328,"10007.8",3373,4191,"60","Run","Run","2024-04-24 10:45:25",NULL,NULL,"United States",1,False,False,False,False,"g13263","2.967","4.058",False,False,False,"775.8","758.2","12022535960","stripped_garmin_ping_335792446869",0,"clx50in7e00018mc4q47nywua","2024-08-29 16:51:23.258","2024-08-29 16:51:23.258","male",51,"40.35",17,True
7329,"5055.3",1841,1841,"35","Run","Run","2024-04-21 16:26:34",NULL,NULL,"United States",1,False,False,False,False,"g13263","2.746","4.677",False,False,False,"692.8","677.2","12003028195","stripped_garmin_ping_335173251292",0,"clx50in7e00018mc4q47nywua","2024-08-29 16:51:23.258","2024-08-29 16:51:23.258","male",51,"48.03",16,True
7330,"10018.5",3606,3606,"72","Run","Run","2024-04-20 13:54:47",NULL,NULL,"United States",1,False,False,False,False,"g13263","2.778","5.319",False,False,False,"83.2","35.2","11993870034","stripped_garmin_ping_334927427431",0,"clx50in7e00018mc4q47nywua","2024-08-29 16:51:23.259","2024-08-29 16:51:23.259","male",51,"46.26",16,True
7331,"58837.8",8690,9114,"492","Ride","Ride","2024-04-19 17:34:56",NULL,NULL,"United States",1,False,False,False,False,"b120709","6.771","14.3",False,False,False,"121.8","-15.6","11987367730","stripped_garmin_ping_334738221019",1,"clx50in7e00018mc4q47nywua","2024-08-29 16:51:23.259","2024-08-29 16:51:23.259","male",51,"0",16,False
7332,"8013.3",2863,2942,"43","Run","Run","2024-04-18 15:43:33",NULL,NULL,"United States",1,False,False,False,False,"g13263","2.799","6.042",False,False,False,"142.6","102.8","11979101575","stripped_garmin_ping_334482763932",0,"clx50in7e00018mc4q47nywua","2024-08-29 16:51:23.259","2024-08-29 16:51:23.259","male",51,"45.78",16,True
7333,"50098.9",6825,6848,"168","Ride","Ride","2024-04-17 15:03:54",NULL,NULL,"United States",1,False,False,False,False,"b120709","7.34","11.128",False,False,False,"118.2","15","11971837854","stripped_garmin_ping_334262207416",2,"clx50in7e00018mc4q47nywua","2024-08-29 16:51:23.259","2024-08-29 16:51:23.259","male",51,"0",16,False
7334,"11058.2",3602,3602,"47","Run","Run","2024-04-17 00:39:49",NULL,NULL,"United States",1,False,False,False,False,"g13263","3.07","4.258",False,False,False,"88.8","65.4","11967341367","stripped_garmin_ping_334122200806",0,"clx50in7e00018mc4q47nywua","2024-08-29 16:51:23.259","2024-08-29 16:51:23.259","male",51,"37.4",16,True
7335,"6248.3",1501,1696,"47","Ride","Ride","2024-04-16 01:21:32",NULL,NULL,"United States",1,False,False,False,False,"b120709","4.163","9.364",False,False,False,"144.6","98.6","11959529335","stripped_garmin_ping_333899854446",0,"clx50in7e00018mc4q47nywua","2024-08-29 16:51:23.259","2024-08-29 16:51:23.259","male",51,"0",16,False
7336,"1828.8",2245,2258,"0","Swim","Swim","2024-04-16 00:11:34",NULL,NULL,"United States",1,True,False,False,False,NULL,"0.815","1.172",False,False,False,"0","0","11959300456","stripped_garmin_ping_333891798595",0,"clx50in7e00018mc4q47nywua","2024-08-29 16:51:23.259","2024-08-29 16:51:23.259","male",51,"0",16,False
7337,"4458.5",1205,1339,"67","Ride","Ride","2024-04-15 23:40:11",NULL,NULL,"United States",1,False,False,False,False,"b120709","3.7","7.743",False,False,False,"121","76.4","11959092929","stripped_garmin_ping_333885237456",0,"clx50in7e00018mc4q47nywua","2024-08-29 16:51:23.259","2024-08-29 16:51:23.259","male",51,"0",16,False
7338,"63158.8",9966,10848,"334","Ride","Ride","2024-04-15 15:05:56",NULL,NULL,"United States",1,False,False,False,False,"b120709","6.337","11.932",False,False,False,"65.4","4.6","11957067568","stripped_garmin_ping_333829507175",65,"clx50in7e00018mc4q47nywua","2024-08-29 16:51:23.259","2024-08-29 16:51:23.259","male",51,"0",16,False
7339,"1040.8",351,351,"1","Run","Run","2024-04-14 19:23:25",NULL,NULL,"United States",1,False,False,False,False,"g13263","2.965","3.386",False,False,False,"82.8","79.2","11950985920","stripped_garmin_ping_333624285709",0,"clx50in7e00018mc4q47nywua","2024-08-29 16:51:23.259","2024-08-29 16:51:23.259","male",51,"41.76",15,True
7340,"5012.4",1374,1374,"8","Run","Run","2024-04-14 18:58:44",NULL,NULL,"United States",1,False,False,False,False,"g13263","3.648","4.719",False,False,False,"85.2","77.4","11950984612","stripped_garmin_ping_333624276743",0,"clx50in7e00018mc4q47nywua","2024-08-29 16:51:23.259","2024-08-29 16:51:23.259","male",51,"24.54",15,True
7341,"2074.2",680,720,"2","Run","Run","2024-04-14 18:44:03",NULL,NULL,"United States",1,False,False,False,False,"g13263","3.05","4.803",False,False,False,"84.4","80.6","11950984696","stripped_garmin_ping_333624242720",0,"clx50in7e00018mc4q47nywua","2024-08-29 16:51:23.259","2024-08-29 16:51:23.259","male",51,"39.26",15,True
7342,"50606.3",7100,7353,"422","Ride","Ride","2024-04-14 15:13:48",NULL,NULL,"United States",1,False,False,False,False,"b120709","7.128","15.509",False,False,False,"77.8","-55.8","11950035806","stripped_garmin_ping_333600996476",2,"clx50in7e00018mc4q47nywua","2024-08-29 16:51:23.259","2024-08-29 16:51:23.259","male",51,"0",15,False
7343,"1916.3",785,1878,"13","Run","Run","2024-04-14 00:22:24",NULL,NULL,"United States",1,False,False,False,False,"g13263","2.441","4.464",False,False,False,"102.6","83.8","11943293984","stripped_garmin_ping_333444750298",0,"clx50in7e00018mc4q47nywua","2024-08-29 16:51:23.26","2024-08-29 16:51:23.26","male",51,"60.36",15,True
7344,"8407.7",2720,2731,"90","Run","Run","2024-04-13 15:09:49",NULL,NULL,"United States",1,False,False,False,False,"g13263","3.091","4.269",False,False,False,"97","21.4","11940599768","stripped_garmin_ping_333365956118",0,"clx50in7e00018mc4q47nywua","2024-08-29 16:51:23.26","2024-08-29 16:51:23.26","male",51,"36.94",15,True
7345,"7021.1",2700,2703,"71","Run","Run","2024-04-12 01:38:24",NULL,NULL,"United States",1,False,False,False,False,"g13263","2.6","3.778",False,False,False,"86.8","35.6","11928211165","stripped_garmin_ping_333020516830",0,"clx50in7e00018mc4q47nywua","2024-08-29 16:51:23.26","2024-08-29 16:51:23.26","male",51,"53.19",15,True
7346,"1828.8",2130,2147,"0","Swim","Swim","2024-04-11 00:07:37",NULL,NULL,"United States",1,True,False,False,False,NULL,"0.859","1.089",False,False,False,"0","0","11920290033","stripped_garmin_ping_332792191096",0,"clx50in7e00018mc4q47nywua","2024-08-29 16:51:23.26","2024-08-29 16:51:23.26","male",51,"0",15,False
7347,"101032",15306,18348,"815","Ride","Ride","2024-04-10 15:03:50",NULL,NULL,"United States",1,False,False,False,False,"b120709","6.601","16.524",False,False,False,"173.8","29.2","11918923831","stripped_garmin_ping_332752015341",6,"clx50in7e00018mc4q47nywua","2024-08-29 16:51:23.26","2024-08-29 16:51:23.26","male",51,"0",15,False
7348,"12013.9",4133,4143,"110","Run","Run","2024-04-10 00:39:10",NULL,NULL,"United States",1,False,False,False,False,"g13263","2.907","4.086",False,False,False,"108.8","62.4","11912775484","stripped_garmin_ping_332584892485",0,"clx50in7e00018mc4q47nywua","2024-08-29 16:51:23.26","2024-08-29 16:51:23.26","male",51,"41.89",15,True
7349,"5658.9",1540,1540,"46","Ride","Ride","2024-04-09 01:19:36",NULL,NULL,"United States",1,False,False,False,False,"b120709","3.675","9.32",False,False,False,"144.8","97","11904922613","stripped_garmin_ping_332364916183",0,"clx50in7e00018mc4q47nywua","2024-08-29 16:51:23.26","2024-08-29 16:51:23.26","male",51,"0",15,False
7350,"1828.8",2282,2289,"0","Swim","Swim","2024-04-09 00:06:39",NULL,NULL,"United States",1,True,False,False,False,NULL,"0.801","1.633",False,False,False,"0","0","11904713773","stripped_garmin_ping_332357385833",0,"clx50in7e00018mc4q47nywua","2024-08-29 16:51:23.26","2024-08-29 16:51:23.26","male",51,"0",15,False
7351,"5690.2",1673,1673,"74","Ride","Ride","2024-04-08 23:29:41",NULL,NULL,"United States",1,False,False,False,False,"b120709","3.401","8.418",False,False,False,"121.8","73","11904502481","stripped_garmin_ping_332350455140",0,"clx50in7e00018mc4q47nywua","2024-08-29 16:51:23.26","2024-08-29 16:51:23.26","male",51,"0",15,False
7352,"38700.9",6973,8854,"150","Ride","Ride","2024-04-08 15:02:53",NULL,NULL,"United States",1,False,False,False,False,"b120709","5.55","10.902",False,False,False,"138","32.6","11902216475","stripped_garmin_ping_332289484026",0,"clx50in7e00018mc4q47nywua","2024-08-29 16:51:23.26","2024-08-29 16:51:23.26","male",51,"0",15,False
7353,"6195.8",1833,1833,"11","Run","Run","2024-04-08 00:06:19",NULL,NULL,"United States",1,False,False,False,False,"g13263","3.38","4.433",False,False,False,"225.8","216.8","11897450977","stripped_garmin_ping_332137633751",2,"clx50in7e00018mc4q47nywua","2024-08-29 16:51:23.26","2024-08-29 16:51:23.26","male",51,"30.17",15,True
7354,"10651.4",3482,3482,"86","Run","Run","2024-04-07 16:19:30",NULL,NULL,"United States",1,False,False,False,False,"g13263","3.059","4.633",False,False,False,"101.4","42","11895188504","stripped_garmin_ping_332067939457",0,"clx50in7e00018mc4q47nywua","2024-08-29 16:51:23.26","2024-08-29 16:51:23.26","male",51,"37.71",14,True
7355,"3784.6",3960,4549,"6","Hike","Hike","2024-04-07 00:50:02",NULL,NULL,"United States",1,False,False,False,False,"g13263","0.956","1.81",False,False,False,"8.6","1.6","11888903852","stripped_garmin_ping_331923726884",0,"clx50in7e00018mc4q47nywua","2024-08-29 16:51:23.26","2024-08-29 16:51:23.26","male",51,"0",14,False
7356,"71915.9",9630,10526,"576","Ride","Ride","2024-04-06 20:20:33",NULL,NULL,"United States",1,False,False,False,False,"b120709","7.468","15.723",False,False,False,"218.2","72.8","11888320116","stripped_garmin_ping_331900716308",2,"clx50in7e00018mc4q47nywua","2024-08-29 16:51:23.261","2024-08-29 16:51:23.261","male",51,"0",14,False
7357,"10329.9",3839,3852,"37","Run","Run","2024-04-05 01:50:12",NULL,NULL,"United States",1,False,False,False,False,"g13263","2.691","3.809",False,False,False,"110.2","97","11874320330","stripped_garmin_ping_331492860251",0,"clx50in7e00018mc4q47nywua","2024-08-29 16:51:23.261","2024-08-29 16:51:23.261","male",51,"49.3",14,True
7358,"43161.3",6267,6450,"196","Ride","Ride","2024-04-04 18:46:53",NULL,NULL,"United States",1,False,False,False,False,"b120709","6.887","11.983",False,False,False,"103.8","1.6","11872823049","stripped_garmin_ping_331443220870",0,"clx50in7e00018mc4q47nywua","2024-08-29 16:51:23.261","2024-08-29 16:51:23.261","male",51,"0",14,False
7359,"2409.9",842,842,"26","Run","Run","2024-04-03 18:53:11",NULL,NULL,"United States",1,False,False,False,False,"g13263","2.862","3.878",False,False,False,"111.2","90.4","11865164159","stripped_garmin_ping_331218101072",0,"clx50in7e00018mc4q47nywua","2024-08-29 16:51:23.261","2024-08-29 16:51:23.261","male",51,"44.48",14,True
7360,"5026.3",1362,1362,"20","Run","Run","2024-04-03 18:29:29",NULL,NULL,"United States",1,False,False,False,False,"g13263","3.69","7.652",False,False,False,"25.6","-6.4","11865047679","stripped_garmin_ping_331215473987",2,"clx50in7e00018mc4q47nywua","2024-08-29 16:51:23.261","2024-08-29 16:51:23.261","male",51,"23.76",14,True
7361,"56797.2",8048,8392,"479","Ride","Ride","2024-04-02 23:55:58",NULL,NULL,"United States",1,False,False,False,False,"b120709","7.057","15.172",False,False,False,"54","-78.8","11859954139","stripped_garmin_ping_331070493686",6,"clx50in7e00018mc4q47nywua","2024-08-29 16:51:23.261","2024-08-29 16:51:23.261","male",51,"0",14,False
7362,"6536.7",2581,2593,"38","Run","Run","2024-04-02 01:52:29",NULL,NULL,"United States",1,False,False,False,False,"g13263","2.533","3.763",False,False,False,"30.2","7","11852124962","stripped_garmin_ping_330844274370",0,"clx50in7e00018mc4q47nywua","2024-08-29 16:51:23.261","2024-08-29 16:51:23.261","male",51,"55.87",14,True
7363,"18544",5163,7784,"186","Ride","Ride","2024-04-01 14:30:57",NULL,NULL,"United States",1,False,False,False,False,"b120709","3.592","7.264",False,False,False,"140.2","35.4","11849148310","stripped_garmin_ping_330754899858",0,"clx50in7e00018mc4q47nywua","2024-08-29 16:51:23.261","2024-08-29 16:51:23.261","male",51,"0",14,False
7364,"12009.9",4235,4443,"100","Run","Run","2024-03-31 17:06:16",NULL,NULL,"United States",1,False,False,False,False,"g13263","2.836","5.647",False,False,False,"98.2","55.6","11842409630","stripped_garmin_ping_330552731716",0,"clx50in7e00018mc4q47nywua","2024-08-29 16:51:23.261","2024-08-29 16:51:23.261","male",51,"44.19",13,True
7365,"37039.1",8712,9182,"370","Ride","Ride","2024-03-29 23:52:07",NULL,NULL,"United States",1,False,False,False,False,"b120709","4.252","11.228",False,False,False,"155.6","27.8","11828262041","stripped_garmin_ping_330185211699",0,"clx50in7e00018mc4q47nywua","2024-08-29 16:51:23.261","2024-08-29 16:51:23.261","male",51,"0",13,False
7366,"13002.9",4293,4326,"102","Run","Run","2024-03-29 16:16:36",NULL,NULL,"United States",1,False,False,False,False,"g13263","3.029","4.562",False,False,False,"111.6","73","11825887520","stripped_garmin_ping_330109523176",0,"clx50in7e00018mc4q47nywua","2024-08-29 16:51:23.261","2024-08-29 16:51:23.261","male",51,"38.19",13,True
7367,"49395.5",8033,8493,"432","Ride","Ride","2024-03-28 17:51:38",NULL,NULL,"United States",1,False,False,False,False,"b120709","6.149","14.964",False,False,False,"165.6","5.4","11819566099","stripped_garmin_ping_329918464098",1,"clx50in7e00018mc4q47nywua","2024-08-29 16:51:23.261","2024-08-29 16:51:23.261","male",51,"0",13,False
7368,"1257.3",2432,2442,"0","Swim","Swim","2024-03-27 23:59:18",NULL,NULL,"United States",1,True,False,False,False,NULL,"0.517","1.143",False,False,False,"0","0","11814356586","stripped_garmin_ping_329735726489",0,"clx50in7e00018mc4q47nywua","2024-08-29 16:51:23.261","2024-08-29 16:51:23.261","male",51,"0",13,False
7369,"5633.5",1545,1606,"79","Ride","Ride","2024-03-27 23:19:29",NULL,NULL,"United States",1,False,False,False,False,"b120709","3.646","8.134",False,False,False,"125.6","76.4","11814063893","stripped_garmin_ping_329725725126",0,"clx50in7e00018mc4q47nywua","2024-08-29 16:51:23.262","2024-08-29 16:51:23.262","male",51,"0",13,False
7370,"51465.9",6953,7401,"192","Ride","Ride","2024-03-27 15:59:06",NULL,NULL,"United States",1,False,False,False,False,"b120709","7.402","12.206",False,False,False,"13.4","-85.8","11812033929","stripped_garmin_ping_329673915635",3,"clx50in7e00018mc4q47nywua","2024-08-29 16:51:23.262","2024-08-29 16:51:23.262","male",51,"0",13,False
7371,"8191.2",2509,2515,"40","Run","Run","2024-03-26 17:49:18",NULL,NULL,"United States",1,False,False,False,False,"g13263","3.265","5.7",False,False,False,"144.8","101.8","11804965202","garmin_ping_329467403556",0,"clx50in7e00018mc4q47nywua","2024-08-29 16:51:23.262","2024-08-29 16:51:23.262","male",51,"32.57",13,True
7372,"5967.9",1427,1532,"60","Ride","Ride","2024-03-26 01:19:45",NULL,NULL,"United States",1,False,False,False,False,"b120709","4.182","8.886",False,False,False,"146.8","91.8","11799786162","garmin_ping_329319317169",0,"clx50in7e00018mc4q47nywua","2024-08-29 16:51:23.262","2024-08-29 16:51:23.262","male",51,"0",13,False
7373,"2057.4",2417,2449,"0","Swim","Swim","2024-03-26 00:08:04",NULL,NULL,"United States",1,True,False,False,False,NULL,"0.851","1.345",False,False,False,"0","0","11799599650","garmin_ping_329311745839",0,"clx50in7e00018mc4q47nywua","2024-08-29 16:51:23.262","2024-08-29 16:51:23.262","male",51,"0",13,False
7374,"4432.4",1198,1407,"68","Ride","Ride","2024-03-25 23:35:19",NULL,NULL,"United States",1,False,False,False,False,"b120709","3.7","7.113",False,False,False,"102.2","60","11799418650","garmin_ping_329304935391",0,"clx50in7e00018mc4q47nywua","2024-08-29 16:51:23.262","2024-08-29 16:51:23.262","male",51,"0",13,False
7375,"16871.9",4361,4669,"158","Ride","Ride","2024-03-25 18:04:05",NULL,NULL,"United States",1,False,False,False,False,"b120709","3.869","10.206",False,False,False,"63.2","-1.4","11797857275","garmin_ping_329262018387",0,"clx50in7e00018mc4q47nywua","2024-08-29 16:51:23.262","2024-08-29 16:51:23.262","male",51,"0",13,False
7376,"14026.2",5202,5424,"127","Run","Run","2024-03-24 17:58:23",NULL,NULL,"United States",1,False,False,False,False,"g13263","2.696","3.822",False,False,False,"153.6","92.4","11791734712","garmin_ping_329052215035",0,"clx50in7e00018mc4q47nywua","2024-08-29 16:51:23.262","2024-08-29 16:51:23.262","male",51,"48.47",12,True
7377,"884.6",367,1403,"8","Run","Run","2024-03-24 16:50:04",NULL,NULL,"United States",1,False,False,False,False,"g13263","2.41","3.384",False,False,False,"141","131","11790843727","garmin_ping_329030000980",0,"clx50in7e00018mc4q47nywua","2024-08-29 16:51:23.262","2024-08-29 16:51:23.262","male",51,"62.67",12,True
7378,"60505.1",9254,9558,"555","Ride","Ride","2024-03-23 16:22:58",NULL,NULL,"United States",1,False,False,False,False,"b120709","6.538","16.482",False,False,False,"203.6","66.2","11783938708","garmin_ping_328837807792",0,"clx50in7e00018mc4q47nywua","2024-08-29 16:51:23.262","2024-08-29 16:51:23.262","male",51,"0",12,False
7379,"1822.9",1517,1961,"53.6","Hike","Hike","2024-03-21 20:23:53",NULL,NULL,"United States",1,False,False,False,False,"g13263","1.202","7.49",False,False,False,"1896.9","1861.9","11770697317","stripped_health_data_351625_1711054598.fit",0,"clx50in7e00018mc4q47nywua","2024-08-29 16:51:23.262","2024-08-29 16:51:23.262","male",51,"0",12,False
7380,"2043.6",1589,2498,"30","Hike","Hike","2024-03-21 19:07:02",NULL,NULL,"United States",1,False,False,False,False,"g13263","1.286","3.418",False,False,False,"1896.9","1861.9","11770278125","stripped_health_data_351625_1711050530.fit",0,"clx50in7e00018mc4q47nywua","2024-08-29 16:51:23.262","2024-08-29 16:51:23.262","male",51,"0",12,False
7381,"7427",2467,2467,"57","Run","Run","2024-03-20 18:40:10",NULL,NULL,"United States",1,False,False,False,False,"g13263","3.011","4.246",False,False,False,"99.2","71.8","11762817480","garmin_ping_328218365293",0,"clx50in7e00018mc4q47nywua","2024-08-29 16:51:23.263","2024-08-29 16:51:23.263","male",51,"39.39",12,True
7382,"17132.4",5780,7593,"170","Ride","Ride","2024-03-20 14:32:38",NULL,NULL,"United States",1,False,False,False,False,"b120709","2.964","10.104",False,False,False,"66","-3","11761404304","garmin_ping_328190420291",0,"clx50in7e00018mc4q47nywua","2024-08-29 16:51:23.263","2024-08-29 16:51:23.263","male",51,"0",12,False
7383,"10349",3251,3362,"47","Run","Run","2024-03-19 15:48:59",NULL,NULL,"United States",1,False,False,False,False,"g13263","3.183","6.065",False,False,False,"150.4","98.4","11753657571","garmin_ping_327977638466",1,"clx50in7e00018mc4q47nywua","2024-08-29 16:51:23.263","2024-08-29 16:51:23.263","male",51,"34.41",12,True
7384,"2011.7",2712,2737,"0","Swim","Swim","2024-03-19 00:04:05",NULL,NULL,"United States",1,True,False,False,False,NULL,"0.742","1.27",False,False,False,"0","0","11749235376","garmin_ping_327840802785",0,"clx50in7e00018mc4q47nywua","2024-08-29 16:51:23.263","2024-08-29 16:51:23.263","male",51,"0",12,False
7385,"51602.4",7122,7446,"462","Ride","Ride","2024-03-18 17:32:31",NULL,NULL,"United States",1,False,False,False,False,"b120709","7.245","16.434",False,False,False,"114.8","-34.6","11747514852","garmin_ping_327794046050",1,"clx50in7e00018mc4q47nywua","2024-08-29 16:51:23.263","2024-08-29 16:51:23.263","male",51,"0",12,False
7386,"10123.3",3617,3617,"86","Run","Run","2024-03-17 18:20:40",NULL,NULL,"United States",1,False,False,False,False,"g13263","2.799","4.187",False,False,False,"96","45.2","11741024703","garmin_ping_327578858739",0,"clx50in7e00018mc4q47nywua","2024-08-29 16:51:23.263","2024-08-29 16:51:23.263","male",51,"45.48",11,True
7387,"12009.4",3948,4027,"101","Run","Run","2024-03-16 00:33:30",NULL,NULL,"United States",1,False,False,False,False,"g13263","3.042","4.746",False,False,False,"249.6","186.6","11726496646","garmin_ping_327205806457",4,"clx50in7e00018mc4q47nywua","2024-08-29 16:51:23.263","2024-08-29 16:51:23.263","male",51,"38.06",11,True
7388,"66381.6",9725,12240,"672","Ride","Ride","2024-03-15 16:32:08",NULL,NULL,"United States",1,False,False,False,False,"b120709","6.826","17.512",False,False,False,"160.8","22.8","11725016550","garmin_ping_327157670266",0,"clx50in7e00018mc4q47nywua","2024-08-29 16:51:23.263","2024-08-29 16:51:23.263","male",51,"0",11,False
7389,"10006",3786,3843,"75","Run","Run","2024-03-14 18:54:11",NULL,NULL,"United States",1,False,False,False,False,"g13263","2.643","3.667",False,False,False,"88.6","38.2","11718432505","garmin_ping_326953277246",0,"clx50in7e00018mc4q47nywua","2024-08-29 16:51:23.263","2024-08-29 16:51:23.263","male",51,"50.89",11,True
7390,"4458.5",1082,1082,"32","Ride","Ride","2024-03-14 01:17:40",NULL,NULL,"United States",1,False,False,False,False,"b120709","4.121","9.088",False,False,False,"142.2","100.4","11712832244","garmin_ping_326794106652",0,"clx50in7e00018mc4q47nywua","2024-08-29 16:51:23.263","2024-08-29 16:51:23.263","male",51,"0",11,False
7391,"2011.7",2721,2742,"0","Swim","Swim","2024-03-14 00:05:12",NULL,NULL,"United States",1,True,False,False,False,NULL,"0.739","1.039",False,False,False,"0","0","11712667602","garmin_ping_326788037927",0,"clx50in7e00018mc4q47nywua","2024-08-29 16:51:23.263","2024-08-29 16:51:23.263","male",51,"0",11,False
7392,"4412.5",1280,1280,"70","Ride","Ride","2024-03-13 23:34:15",NULL,NULL,"United States",1,False,False,False,False,"b120709","3.447","7.982",False,False,False,"120.6","75.4","11712434352","garmin_ping_326780296900",0,"clx50in7e00018mc4q47nywua","2024-08-29 16:51:23.263","2024-08-29 16:51:23.263","male",51,"0",11,False
7393,"50296.1",6864,7010,"188","Ride","Ride","2024-03-13 19:11:57",NULL,NULL,"United States",1,False,False,False,False,"b120709","7.328","11.916",False,False,False,"70.4","-27","11711481174","garmin_ping_326755805398",1,"clx50in7e00018mc4q47nywua","2024-08-29 16:51:23.263","2024-08-29 16:51:23.263","male",51,"0",11,False
7394,"10035.3",3299,3303,"63.4","Run","Run","2024-03-12 19:46:47",NULL,NULL,"United States",1,False,False,False,False,"g13263","3.042","5.02",False,False,False,"126.9","106.7","11703674824","1A428611-CFE7-4285-A8DF-1AD316D3F07F-activity.fit",0,"clx50in7e00018mc4q47nywua","2024-08-29 16:51:23.263","2024-08-29 16:51:23.263","male",51,"38.29",11,True
7395,"195.2",153,168,"3","Hike","Hike","2024-03-10 16:59:38",NULL,NULL,"United States",1,False,False,False,False,"g13263","1.276","1.506",False,False,False,"78.4","74.6","11688841116","garmin_ping_326032785300",0,"clx50in7e00018mc4q47nywua","2024-08-29 16:51:23.263","2024-08-29 16:51:23.263","male",51,"0",10,False
7396,"13004.5",4467,4606,"113","Run","Run","2024-03-10 15:42:12",NULL,NULL,"United States",1,False,False,False,False,"g13263","2.911","4.522",False,False,False,"126.8","38.8","11688818583","garmin_ping_326032286238",0,"clx50in7e00018mc4q47nywua","2024-08-29 16:51:23.263","2024-08-29 16:51:23.263","male",51,"41.76",10,True
7397,"60020",8942,9254,"581","Ride","Ride","2024-03-09 17:28:19",NULL,NULL,"United States",1,False,False,False,False,"b120709","6.712","16.02",False,False,False,"297.8","10.2","11682193424","garmin_ping_325845437015",0,"clx50in7e00018mc4q47nywua","2024-08-29 16:51:23.264","2024-08-29 16:51:23.264","male",51,"0",10,False
7398,"48185.9",6867,7040,"435","Ride","Ride","2024-03-08 15:32:50",NULL,NULL,"United States",1,False,False,False,False,"b120709","7.017","15.256",False,False,False,"167.8","33.2","11674043092","garmin_ping_325606947043",0,"clx50in7e00018mc4q47nywua","2024-08-29 16:51:23.264","2024-08-29 16:51:23.264","male",51,"0",10,False
7399,"11626.8",3696,3706,"102","Run","Run","2024-03-07 19:17:37",NULL,NULL,"United States",1,False,False,False,False,"g13263","3.146","6.723",False,False,False,"128.2","74.4","11682215695","garmin_ping_325846230707",0,"clx50in7e00018mc4q47nywua","2024-08-29 16:51:23.264","2024-08-29 16:51:23.264","male",51,"35.29",10,True
7400,"10015.5",3498,3498,"75","Run","Run","2024-03-06 18:15:38",NULL,NULL,"United States",1,False,False,False,False,"g13263","2.863","4.145",False,False,False,"117.2","69","11682215583","garmin_ping_325846187792",0,"clx50in7e00018mc4q47nywua","2024-08-29 16:51:23.264","2024-08-29 16:51:23.264","male",51,"43.44",10,True
7401,"8037.6",2841,3022,"140","Run","Run","2024-03-04 16:03:11",NULL,NULL,"United States",1,False,False,False,False,"g13263","2.829","3.982",False,False,False,"108.6","-16.6","11640834703","garmin_ping_324809570252",2,"clx50in7e00018mc4q47nywua","2024-08-29 16:51:23.264","2024-08-29 16:51:23.264","male",51,"44.74",10,True
7402,"8763.1",3317,3995,"150","Run","Run","2024-03-04 01:21:05",NULL,NULL,"United States",1,False,False,False,False,"g13263","2.642","4.149",False,False,False,"139.6","12.6","11635648020","garmin_ping_324665257905",0,"clx50in7e00018mc4q47nywua","2024-08-29 16:51:23.264","2024-08-29 16:51:23.264","male",51,"51.35",10,True
7403,"7023.2",2454,2540,"102","Run","Run","2024-03-02 01:34:20",NULL,NULL,"United States",1,False,False,False,False,"g13263","2.862","4.03",False,False,False,"252","192","11619663611","garmin_ping_324262730982",1,"clx50in7e00018mc4q47nywua","2024-08-29 16:51:23.264","2024-08-29 16:51:23.264","male",51,"44.11",9,True
7404,"8027.5",2857,2860,"81","Run","Run","2024-03-01 19:22:45",NULL,NULL,"United States",1,False,False,False,False,"g13263","2.81","4.096",False,False,False,"90.2","36.4","11618182281","garmin_ping_324217340750",0,"clx50in7e00018mc4q47nywua","2024-08-29 16:51:23.264","2024-08-29 16:51:23.264","male",51,"45.52",9,True
7405,"49472.2",7226,7435,"467","Ride","Ride","2024-02-29 22:11:26",NULL,NULL,"United States",1,False,False,False,False,"b120709","6.846","14.783",False,False,False,"135.2","-0.8","11613197359","garmin_ping_324062042940",2,"clx50in7e00018mc4q47nywua","2024-08-29 16:51:23.264","2024-08-29 16:51:23.264","male",51,"0",9,False
